2026-07-29 23:47:42,675 - INFO - config - Using config file E:\ZELANOX\Excelence\backend\utils\config.json
2026-07-29 23:47:52,337 - INFO - config - Using config file E:\ZELANOX\Excelence\backend\utils\config.json
2026-07-29 23:48:15,534 - INFO - config - Using config file E:\ZELANOX\Excelence\backend\utils\config.json
2026-07-29 23:48:33,858 - INFO - config - Using config file E:\ZELANOX\Excelence\backend\utils\config.json
2026-07-29 23:48:55,490 - INFO - config - Using config file E:\ZELANOX\Excelence\backend\utils\config.json
2026-07-29 23:49:04,091 - INFO - config - Using config file E:\ZELANOX\Excelence\backend\utils\config.json
2026-07-29 23:49:27,566 - INFO - config - Using config file E:\ZELANOX\Excelence\backend\utils\config.json
2026-07-29 23:49:35,496 - INFO - config - Using config file E:\ZELANOX\Excelence\backend\utils\config.json
2026-07-29 23:49:51,507 - INFO - config - Using config file E:\ZELANOX\Excelence\backend\utils\config.json
2026-07-29 23:50:09,758 - INFO - config - Using config file E:\ZELANOX\Excelence\backend\utils\config.json
2026-07-29 23:50:26,481 - INFO - config - Using config file E:\ZELANOX\Excelence\backend\utils\config.json
2026-07-29 23:50:31,281 - INFO - config - Using config file E:\ZELANOX\Excelence\backend\utils\config.json
2026-07-29 23:50:38,416 - INFO - config - Using config file E:\ZELANOX\Excelence\backend\utils\config.json
2026-07-29 23:51:04,857 - INFO - config - Using config file E:\ZELANOX\Excelence\backend\utils\config.json
2026-07-29 23:51:21,969 - INFO - config - Using config file e:\ZELANOX\Excelence\backend\utils\config.json
2026-07-29 23:51:40,955 - INFO - config - Using config file e:\ZELANOX\Excelence\backend\utils\config.json
2026-07-29 23:51:59,319 - INFO - config - Using config file E:\ZELANOX\Excelence\backend\utils\config.json
2026-07-29 23:52:07,385 - INFO - config - Using config file e:\ZELANOX\Excelence\backend\utils\config.json
2026-07-29 23:52:07,688 - INFO - document - Opened document C:\Users\OS_10\AppData\Local\Temp\tmp1_z7ucr7\sample.xlsx
2026-07-29 23:52:07,734 - INFO - document - Opened document C:\Users\OS_10\AppData\Local\Temp\tmpjqk2anqx\search.xlsx
2026-07-29 23:52:07,745 - INFO - document - Opened document C:\Users\OS_10\AppData\Local\Temp\tmpc39am3xw\editing.xlsx
2026-07-29 23:52:07,765 - INFO - document - Opened document C:\Users\OS_10\AppData\Local\Temp\tmpnm8hoz9z\failures.xlsx
2026-07-29 23:52:07,778 - WARNING - main - Validation error for /spreadsheet/edit-cell: 1 validation error:
  {'type': 'greater_than_equal', 'loc': ('body', 'row'), 'msg': 'Input should be greater than or equal to 0', 'input': -1, 'ctx': {'ge': 0}}

  File "e:\ZELANOX\Excelence\backend\api\spreadsheet.py", line 197, in edit_cell
    POST /spreadsheet/edit-cell
2026-07-29 23:52:07,790 - INFO - document - Opened document C:\Users\OS_10\AppData\Local\Temp\tmpaqs10maa\api.xlsx
2026-07-29 23:52:20,208 - INFO - config - Using config file E:\ZELANOX\Excelence\backend\utils\config.json
2026-07-29 23:52:21,532 - INFO - config - Using config file E:\ZELANOX\Excelence\backend\utils\config.json
2026-07-29 23:52:47,350 - INFO - config - Using config file E:\ZELANOX\Excelence\backend\utils\config.json
2026-07-29 23:52:56,896 - INFO - config - Using config file e:\ZELANOX\Excelence\backend\utils\config.json
2026-07-29 23:52:57,182 - INFO - document - Opened document C:\Users\OS_10\AppData\Local\Temp\tmpivbw9fem\sample.xlsx
2026-07-29 23:52:57,225 - INFO - document - Opened document C:\Users\OS_10\AppData\Local\Temp\tmphmohak48\search.xlsx
2026-07-29 23:52:57,235 - INFO - document - Opened document C:\Users\OS_10\AppData\Local\Temp\tmp3mmr28v4\editing.xlsx
2026-07-29 23:52:57,254 - INFO - document - Opened document C:\Users\OS_10\AppData\Local\Temp\tmp1ep5pn4i\failures.xlsx
2026-07-29 23:52:57,267 - WARNING - main - Validation error for /spreadsheet/edit-cell: 1 validation error:
  {'type': 'greater_than_equal', 'loc': ('body', 'row'), 'msg': 'Input should be greater than or equal to 0', 'input': -1, 'ctx': {'ge': 0}}

  File "e:\ZELANOX\Excelence\backend\api\spreadsheet.py", line 197, in edit_cell
    POST /spreadsheet/edit-cell
2026-07-29 23:52:57,279 - INFO - document - Opened document C:\Users\OS_10\AppData\Local\Temp\tmptp70eujx\api.xlsx
2026-07-29 23:53:06,750 - INFO - config - Using config file E:\ZELANOX\Excelence\backend\utils\config.json
2026-07-30 12:38:29,527 - INFO - config - Using config file D:\secel\repo\excelence\backend\utils\config.json
2026-07-30 12:40:08,946 - INFO - config - Using config file D:\secel\repo\excelence\backend\utils\config.json
2026-07-30 15:15:10,563 - INFO - config - Using config file D:\secel\repo\excelence\backend\utils\config.json
2026-07-30 15:16:29,327 - INFO - config - Using config file D:\secel\repo\excelence\backend\utils\config.json
2026-07-30 15:16:59,739 - INFO - config - Using config file D:\secel\repo\excelence\backend\utils\config.json
2026-07-30 15:17:31,787 - INFO - config - Using config file D:\secel\repo\excelence\backend\utils\config.json
2026-07-30 15:21:37,732 - INFO - config - Using config file D:\secel\repo\excelence\backend\utils\config.json
2026-07-30 15:22:46,159 - INFO - config - Using config file D:\secel\repo\excelence\backend\utils\config.json
2026-07-30 15:22:57,927 - INFO - config - Using config file D:\secel\repo\excelence\backend\utils\config.json
2026-07-30 15:23:48,570 - INFO - config - Using config file D:\secel\repo\excelence\backend\utils\config.json
2026-07-30 21:03:50,591 - INFO - config - Using config file D:\secel\repo\excelence\backend\utils\config.json
2026-07-30 21:03:58,335 - INFO - config - Using config file D:\secel\repo\excelence\backend\utils\config.json
2026-07-30 21:04:11,154 - INFO - config - Using config file D:\secel\repo\excelence\backend\utils\config.json
2026-07-30 21:09:24,897 - INFO - config - Using config file D:\secel\repo\excelence\backend\utils\config.json
2026-08-01 18:37:15,464 - INFO - config - Using config file D:\secel\repo\excelence\backend\utils\config.json
2026-08-01 20:57:41,019 - INFO - config - Using config file D:\secel\repo\excelence\backend\utils\config.json
2026-08-01 20:58:00,185 - INFO - config - Using config file D:\secel\repo\excelence\backend\utils\config.json
2026-08-01 21:02:51,054 - INFO - config - Using config file D:\secel\repo\excelence\backend\utils\config.json
2026-08-01 21:03:25,594 - INFO - config - Using config file D:\secel\repo\excelence\backend\utils\config.json
2026-08-01 21:03:57,721 - INFO - config - Using config file D:\secel\repo\excelence\backend\utils\config.json
2026-08-01 21:06:20,549 - INFO - config - Using config file D:\secel\repo\excelence\backend\utils\config.json
2026-08-01 21:06:58,382 - INFO - config - Using config file D:\secel\repo\excelence\backend\utils\config.json
2026-08-02 09:31:55,330 - INFO - config - Using config file D:\secel\repo\excelence\backend\utils\config.json
2026-08-02 09:35:56,023 - INFO - config - Using config file D:\secel\repo\excelence\backend\utils\config.json
2026-08-02 09:37:49,777 - INFO - config - Using config file D:\secel\repo\excelence\backend\utils\config.json
2026-08-02 09:38:16,284 - INFO - config - Using config file D:\secel\repo\excelence\backend\utils\config.json
2026-08-02 09:41:04,867 - INFO - config - Using config file D:\secel\repo\excelence\backend\utils\config.json
2026-08-02 09:41:09,114 - INFO - config - Using config file D:\secel\repo\excelence\backend\utils\config.json
2026-08-02 09:42:17,895 - INFO - config - Using config file D:\secel\repo\excelence\backend\utils\config.json
2026-08-02 09:42:44,869 - INFO - config - Using config file D:\secel\repo\excelence\backend\utils\config.json
2026-08-02 09:44:50,951 - INFO - config - Using config file D:\secel\repo\excelence\backend\utils\config.json
2026-08-02 09:45:06,359 - INFO - config - Using config file D:\secel\repo\excelence\backend\utils\config.json
2026-08-02 09:46:37,760 - INFO - config - Using config file D:\secel\repo\excelence\backend\utils\config.json
2026-08-02 09:46:40,795 - INFO - config - Using config file D:\secel\repo\excelence\backend\utils\config.json
2026-08-02 09:47:18,901 - INFO - config - Using config file D:\secel\repo\excelence\backend\utils\config.json
2026-08-02 09:48:10,681 - INFO - config - Using config file D:\secel\repo\excelence\backend\utils\config.json
2026-08-02 09:51:11,539 - INFO - config - Using config file D:\secel\repo\excelence\backend\utils\config.json
2026-08-02 09:52:06,538 - INFO - config - Using config file D:\secel\repo\excelence\backend\utils\config.json
2026-08-02 09:58:24,447 - INFO - config - Using config file D:\secel\repo\excelence\backend\utils\config.json
2026-08-02 10:03:21,381 - INFO - config - Using config file D:\secel\repo\excelence\backend\utils\config.json
2026-08-02 13:51:26,151 - INFO - config - Using config file D:\secel\repo\excelence\backend\utils\config.json
2026-08-02 13:55:19,199 - INFO - config - Using config file D:\secel\repo\excelence\backend\utils\config.json
2026-08-02 13:56:08,274 - INFO - config - Using config file D:\secel\repo\excelence\backend\utils\config.json
2026-08-02 14:09:14,627 - INFO - config - Using config file D:\secel\repo\excelence\backend\utils\config.json
2026-08-02 14:11:36,543 - INFO - config - Using config file D:\secel\repo\excelence\backend\utils\config.json
2026-08-02 14:11:59,077 - INFO - config - Using config file D:\secel\repo\excelence\backend\utils\config.json
2026-08-02 14:16:45,607 - INFO - config - Using config file D:\secel\repo\excelence\backend\utils\config.json
2026-08-02 14:17:24,656 - INFO - config - Using config file D:\secel\repo\excelence\backend\utils\config.json
2026-08-02 14:17:49,705 - INFO - config - Using config file D:\secel\repo\excelence\backend\utils\config.json
2026-08-02 14:18:05,313 - INFO - config - Using config file D:\secel\repo\excelence\backend\utils\config.json
2026-08-02 14:18:56,998 - INFO - config - Using config file D:\secel\repo\excelence\backend\utils\config.json
2026-08-02 14:19:28,124 - INFO - config - Using config file D:\secel\repo\excelence\backend\utils\config.json
2026-08-02 14:20:17,519 - INFO - config - Using config file D:\secel\repo\excelence\backend\utils\config.json
2026-08-02 14:20:36,753 - INFO - config - Using config file D:\secel\repo\excelence\backend\utils\config.json
2026-08-02 18:19:00,985 - INFO - config - Using config file D:\secel\repo\excelence\backend\utils\config.json
2026-08-02 18:20:00,528 - INFO - config - Using config file D:\secel\repo\excelence\backend\utils\config.json
2026-08-02 20:24:33,657 - INFO - config - Using config file D:\secel\repo\excelence\backend\utils\config.json
2026-08-02 20:26:19,681 - INFO - config - Using config file D:\secel\repo\excelence\backend\utils\config.json
2026-08-02 20:27:43,929 - INFO - config - Using config file D:\secel\repo\excelence\backend\utils\config.json
2026-08-02 20:28:04,404 - INFO - config - Using config file D:\secel\repo\excelence\backend\utils\config.json
2026-08-02 20:28:32,892 - INFO - config - Using config file D:\secel\repo\excelence\backend\utils\config.json
2026-08-02 20:28:36,064 - INFO - config - Using config file D:\secel\repo\excelence\backend\utils\config.json
2026-08-02 20:31:09,275 - INFO - config - Using config file D:\secel\repo\excelence\backend\utils\config.json
2026-08-02 20:31:12,154 - INFO - config - Using config file D:\secel\repo\excelence\backend\utils\config.json
2026-08-02 20:31:35,607 - INFO - config - Using config file D:\secel\repo\excelence\backend\utils\config.json
2026-08-02 20:33:50,913 - INFO - config - Using config file D:\secel\repo\excelence\backend\utils\config.json
2026-08-02 20:34:18,293 - INFO - config - Using config file D:\secel\repo\excelence\backend\utils\config.json
2026-08-02 20:34:42,149 - INFO - config - Using config file D:\secel\repo\excelence\backend\utils\config.json
2026-08-02 20:35:00,395 - INFO - config - Using config file D:\secel\repo\excelence\backend\utils\config.json
2026-08-02 20:35:17,453 - INFO - config - Using config file D:\secel\repo\excelence\backend\utils\config.json
2026-08-02 20:36:02,026 - INFO - config - Using config file D:\secel\repo\excelence\backend\utils\config.json
2026-08-02 20:36:18,426 - INFO - config - Using config file D:\secel\repo\excelence\backend\utils\config.json
2026-08-02 20:39:53,996 - INFO - config - Using config file D:\secel\repo\excelence\backend\utils\config.json
2026-08-02 20:40:17,861 - INFO - config - Using config file D:\secel\repo\excelence\backend\utils\config.json
2026-08-02 20:41:27,522 - INFO - config - Using config file D:\secel\repo\excelence\backend\utils\config.json
2026-08-02 20:41:40,119 - INFO - config - Using config file D:\secel\repo\excelence\backend\utils\config.json
2026-08-02 20:42:15,124 - INFO - config - Using config file D:\secel\repo\excelence\backend\utils\config.json
2026-08-02 20:42:53,137 - INFO - config - Using config file D:\secel\repo\excelence\backend\utils\config.json
2026-08-02 20:43:03,019 - INFO - config - Using config file D:\secel\repo\excelence\backend\utils\config.json
2026-08-02 20:43:46,858 - INFO - config - Using config file D:\secel\repo\excelence\backend\utils\config.json
2026-08-02 20:44:27,202 - INFO - config - Using config file D:\secel\repo\excelence\backend\utils\config.json
2026-08-02 20:45:02,279 - INFO - config - Using config file D:\secel\repo\excelence\backend\utils\config.json
2026-08-02 20:45:26,964 - INFO - config - Using config file D:\secel\repo\excelence\backend\utils\config.json
2026-08-02 20:46:10,427 - INFO - config - Using config file D:\secel\repo\excelence\backend\utils\config.json
2026-08-02 21:00:26,023 - INFO - config - Using config file D:\secel\repo\excelence\backend\utils\config.json
2026-08-02 21:01:16,391 - INFO - config - Using config file D:\secel\repo\excelence\backend\utils\config.json
2026-08-02 21:01:35,198 - INFO - config - Using config file D:\secel\repo\excelence\backend\utils\config.json
2026-08-02 21:01:43,960 - INFO - config - Using config file D:\secel\repo\excelence\backend\utils\config.json
2026-08-02 21:03:06,684 - INFO - config - Using config file D:\secel\repo\excelence\backend\utils\config.json
2026-08-02 23:46:56,196 - INFO - config - Using config file E:\ZELANOX\Excelence\backend\utils\config.json
2026-08-02 23:47:35,858 - INFO - config - Using config file E:\ZELANOX\Excelence\backend\utils\config.json
2026-08-02 23:47:35,959 - INFO - document - Opened document C:\Users\OS_10\AppData\Local\Temp\tmp5_jwks1z\sample.xlsx
2026-08-02 23:47:35,978 - INFO - document - Opened document C:\Users\OS_10\AppData\Local\Temp\tmpyxcqcv4d\search.xlsx
2026-08-02 23:47:35,990 - INFO - document - Opened document C:\Users\OS_10\AppData\Local\Temp\tmpvg4gqqmb\editing.xlsx
2026-08-02 23:47:36,083 - INFO - document - Opened document C:\Users\OS_10\AppData\Local\Temp\tmp60l5mlu8\failures.xlsx
2026-08-02 23:48:06,213 - INFO - config - Using config file E:\ZELANOX\Excelence\backend\utils\config.json
2026-08-02 23:48:06,254 - INFO - document - Opened document C:\Users\OS_10\AppData\Local\Temp\tmpamzcl_iv\sample.xlsx
2026-08-02 23:48:06,271 - INFO - document - Opened document C:\Users\OS_10\AppData\Local\Temp\tmpev712itu\search.xlsx
2026-08-02 23:48:06,282 - INFO - document - Opened document C:\Users\OS_10\AppData\Local\Temp\tmp9y92wyrv\editing.xlsx
2026-08-02 23:48:06,303 - INFO - document - Opened document C:\Users\OS_10\AppData\Local\Temp\tmp20stpg6e\failures.xlsx
2026-08-02 23:48:25,917 - INFO - config - Using config file E:\ZELANOX\Excelence\backend\utils\config.json
2026-08-02 23:53:00,430 - INFO - config - Using config file E:\ZELANOX\Excelence\backend\utils\config.json
2026-08-02 23:53:00,467 - INFO - document - Opened document C:\Users\OS_10\AppData\Local\Temp\tmpopgr5_x3\sample.xlsx
2026-08-02 23:53:00,485 - INFO - document - Opened document C:\Users\OS_10\AppData\Local\Temp\tmp2it2txjt\search.xlsx
2026-08-02 23:53:00,496 - INFO - document - Opened document C:\Users\OS_10\AppData\Local\Temp\tmpcmpbfnxv\editing.xlsx
2026-08-02 23:53:00,516 - INFO - document - Opened document C:\Users\OS_10\AppData\Local\Temp\tmp6bioldil\failures.xlsx
2026-08-02 23:53:42,962 - INFO - config - Using config file E:\ZELANOX\Excelence\backend\utils\config.json
2026-08-02 23:53:42,999 - INFO - document - Opened document C:\Users\OS_10\AppData\Local\Temp\tmp1yvfq98q\sample.xlsx
2026-08-02 23:53:43,017 - INFO - document - Opened document C:\Users\OS_10\AppData\Local\Temp\tmplb6e7dwf\search.xlsx
2026-08-02 23:53:43,028 - INFO - document - Opened document C:\Users\OS_10\AppData\Local\Temp\tmpa5_eiqiv\editing.xlsx
2026-08-02 23:53:43,047 - INFO - document - Opened document C:\Users\OS_10\AppData\Local\Temp\tmp1octbz52\failures.xlsx
2026-08-02 23:59:48,481 - INFO - config - Using config file E:\ZELANOX\Excelence\backend\utils\config.json
2026-08-02 23:59:48,520 - INFO - document - Opened document C:\Users\OS_10\AppData\Local\Temp\tmp4f2m1x2u\sample.xlsx
2026-08-02 23:59:48,630 - INFO - document - Opened document C:\Users\OS_10\AppData\Local\Temp\tmp4_e48a06\search.xlsx
2026-08-02 23:59:48,641 - INFO - document - Opened document C:\Users\OS_10\AppData\Local\Temp\tmp5suhn0g2\editing.xlsx
2026-08-02 23:59:48,659 - INFO - document - Opened document C:\Users\OS_10\AppData\Local\Temp\tmpocxmc83y\failures.xlsx
2026-08-03 00:02:46,320 - INFO - config - Using config file E:\ZELANOX\Excelence\backend\utils\config.json
2026-08-03 00:05:51,248 - INFO - document - Opened document C:\Users\OS_10\AppData\Local\Temp\tmpl3set1p0\sample.xlsx
2026-08-03 00:05:59,808 - INFO - document - Opened document C:\Users\OS_10\AppData\Local\Temp\tmpzkds7x7w\sample.xlsx
2026-08-03 00:05:59,978 - INFO - document - Opened document C:\Users\OS_10\AppData\Local\Temp\tmp12x9ep_9\search.xlsx
2026-08-03 00:05:59,990 - INFO - document - Opened document C:\Users\OS_10\AppData\Local\Temp\tmpnkfv67bc\editing.xlsx
2026-08-03 00:06:00,012 - INFO - document - Opened document C:\Users\OS_10\AppData\Local\Temp\tmp49aw95zr\failures.xlsx
2026-09-07 12:33:13,301 - INFO - config - Using config file E:\Projects\excelence\backend\utils\config.json
2026-09-07 12:44:11,368 - INFO - config - Using config file E:\Projects\excelence\backend\utils\config.json
2026-09-07 12:58:39,945 - INFO - document - Opened document test.xlsx
2026-09-07 12:59:34,378 - INFO - document - Opened document test.xlsx
2026-09-07 18:02:11,984 - INFO - config - Using config file E:\Projects\excelence\backend\utils\config.json
2026-09-10 15:34:23,364 - INFO - config - Using config file E:\Projects\excelence\backend\utils\config.json
2026-09-12 09:40:00,792 - INFO - config - Using config file E:\Projects\excelence\backend\utils\config.json
2026-09-12 10:10:30,177 - INFO - config - Using config file E:\Projects\excelence\backend\utils\config.json
2026-09-12 10:20:41,684 - INFO - config - Using config file E:\Projects\excelence\backend\utils\config.json
2026-09-12 10:20:55,413 - INFO - config - Using config file E:\Projects\excelence\backend\utils\config.json
2026-09-12 10:22:41,007 - INFO - document - Opened document test.xlsx
2026-09-12 11:41:06,222 - INFO - config - Using config file E:\Projects\excelence\backend\utils\config.json
2026-09-12 11:43:08,854 - INFO - document - Opened document test.xlsx
2026-09-12 13:52:06,396 - INFO - document - Opened document test.xlsx
2026-09-12 15:05:39,835 - INFO - document - Opened document test.xlsx
2026-09-12 16:01:06,598 - INFO - document - Opened document test.xlsx
2026-09-12 17:12:32,048 - INFO - document - Opened document test.xlsx
2026-09-12 17:58:44,322 - INFO - config - Using config file E:\Projects\excelence\backend\utils\config.json
2026-09-12 18:00:36,985 - INFO - document - Opened document test.xlsx
2026-09-12 18:51:45,153 - INFO - config - Using config file E:\Projects\excelence\backend\utils\config.json
2026-09-12 18:54:16,846 - INFO - document - Opened document test.xlsx
2026-09-12 19:23:54,069 - INFO - document - Opened document test.xlsx
2026-09-13 09:09:18,185 - INFO - config - Using config file E:\Projects\excelence\backend\utils\config.json
2026-09-13 09:12:43,735 - INFO - document - Opened document test.xlsx
2026-09-13 09:28:17,998 - INFO - document - Opened document test.xlsx
2026-09-13 10:44:22,872 - INFO - document - Opened document test.xlsx
2026-09-13 12:48:23,023 - INFO - config - Using config file E:\Projects\excelence\backend\utils\config.json
2026-09-13 20:22:23,726 - INFO - document - Opened document test.xlsx
2026-09-13 20:34:33,576 - INFO - document - Opened document test.xlsx
2026-09-14 09:22:39,505 - INFO - config - Using config file E:\Projects\excelence\backend\utils\config.json
2026-09-14 09:24:31,845 - INFO - document - Opened document test.xlsx
2026-09-14 09:50:36,758 - INFO - document - Opened document test.xlsx
2026-09-14 14:53:40,403 - INFO - config - Using config file E:\Projects\excelence\backend\utils\config.json
2026-09-14 14:55:30,134 - INFO - document - Opened document test.xlsx
2026-09-14 15:00:03,702 - INFO - document - Opened document test.xlsx
2026-09-15 08:44:31,992 - INFO - config - Using config file E:\Projects\excelence\backend\utils\config.json
2026-09-15 08:50:28,211 - INFO - document - Opened document test.xlsx
2026-09-15 08:56:10,482 - INFO - document - Opened document test.xlsx
2026-09-15 09:07:59,051 - INFO - document - Opened document test.xlsx
2026-09-15 09:34:19,608 - INFO - document - Opened document test.xlsx
2026-09-15 09:44:55,623 - INFO - document - Opened document test.xlsx
2026-09-15 09:56:37,347 - INFO - document - Opened document test.xlsx
2026-09-15 10:06:10,563 - INFO - document - Opened document test.xlsx
2026-09-15 11:22:50,000 - INFO - document - Opened document test.xlsx
2026-09-15 14:51:27,577 - INFO - config - Using config file E:\Projects\excelence\backend\utils\config.json
2026-09-15 14:53:09,424 - INFO - document - Opened document test.xlsx
2026-09-15 14:58:39,972 - INFO - document - Opened document test.xlsx
2026-09-15 15:07:52,785 - INFO - document - Opened document test.xlsx
2026-09-15 15:24:48,852 - INFO - document - Opened document test.xlsx
2026-09-16 09:01:26,269 - INFO - config - Using config file E:\Projects\excelence\backend\utils\config.json
2026-09-16 09:04:16,350 - INFO - document - Opened document test.xlsx
2026-09-16 09:11:20,491 - INFO - document - Opened document test.xlsx
2026-09-16 09:36:46,587 - INFO - document - Opened document test.xlsx
2026-09-16 09:37:37,137 - INFO - config - Using config file E:\Projects\excelence\backend\utils\config.json
2026-09-16 09:39:08,226 - INFO - document - Opened document test.xlsx
2026-09-16 10:48:54,199 - INFO - document - Opened document test.xlsx
2026-09-16 14:24:43,283 - INFO - config - Using config file E:\Projects\excelence\backend\utils\config.json
2026-09-16 14:26:35,374 - INFO - document - Opened document test.xlsx
2026-09-16 14:47:11,312 - INFO - document - Opened document test.xlsx
2026-09-16 15:30:05,227 - INFO - document - Opened document test.xlsx
2026-09-17 09:48:44,177 - INFO - config - Using config file E:\Projects\excelence\backend\utils\config.json
2026-09-17 10:34:41,310 - INFO - document - Opened document test.xlsx
2026-09-17 15:32:21,481 - INFO - document - Opened document test.xlsx
2026-09-19 10:22:27,412 - INFO - config - Using config file E:\Projects\excelence\backend\utils\config.json
2026-09-19 10:24:34,135 - INFO - document - Opened document test.xlsx
2026-09-19 10:30:31,186 - INFO - document - Opened document test.xlsx
2026-09-19 14:43:38,054 - INFO - config - Using config file E:\Projects\excelence\backend\utils\config.json
2026-09-19 14:45:34,395 - INFO - document - Opened document test.xlsx
2026-09-19 15:02:02,789 - INFO - config - Using config file E:\Projects\excelence\backend\utils\config.json
2026-09-19 15:02:15,200 - INFO - config - Using config file E:\Projects\excelence\backend\utils\config.json
2026-09-19 15:04:01,830 - INFO - document - Opened document test.xlsx
2026-09-19 16:05:20,151 - INFO - config - Using config file E:\Projects\excelence\backend\utils\config.json
2026-09-19 17:00:16,139 - INFO - document - Opened document test.xlsx
2026-09-19 19:57:18,698 - INFO - config - Using config file E:\Projects\excelence\backend\utils\config.json
2026-09-19 19:57:33,466 - INFO - config - Using config file E:\Projects\excelence\backend\utils\config.json
2026-09-19 19:59:23,818 - INFO - document - Opened document test.xlsx
2026-09-19 20:17:44,304 - INFO - config - Using config file E:\Projects\excelence\backend\utils\config.json
2026-09-19 20:20:07,214 - INFO - config - Using config file E:\Projects\excelence\backend\utils\config.json
2026-09-19 20:21:57,796 - INFO - document - Opened document test.xlsx
2026-09-19 20:25:25,123 - INFO - document - Opened document test.xlsx
2026-09-19 20:28:14,134 - INFO - config - Using config file E:\Projects\excelence\backend\utils\config.json
2026-09-19 20:30:08,574 - INFO - document - Opened document test.xlsx
2026-09-20 08:57:10,997 - INFO - config - Using config file E:\Projects\excelence\backend\utils\config.json
2026-09-20 09:09:56,994 - INFO - document - Opened document test.xlsx
2026-09-20 10:38:00,604 - INFO - document - Opened document test.xlsx
2026-09-20 10:44:41,915 - INFO - config - Using config file E:\Projects\excelence\backend\utils\config.json
2026-09-20 10:44:54,276 - INFO - config - Using config file E:\Projects\excelence\backend\utils\config.json
2026-09-20 10:46:36,595 - INFO - document - Opened document test.xlsx
2026-09-20 10:55:19,632 - INFO - config - Using config file E:\Projects\excelence\backend\utils\config.json
2026-09-20 10:55:32,782 - INFO - config - Using config file E:\Projects\excelence\backend\utils\config.json
2026-09-20 10:57:16,619 - INFO - document - Opened document test.xlsx
2026-09-20 11:19:24,123 - INFO - config - Using config file E:\Projects\excelence\backend\utils\config.json
2026-09-20 11:19:59,426 - INFO - config - Using config file E:\Projects\excelence\backend\utils\config.json
2026-09-20 11:21:43,423 - INFO - document - Opened document test.xlsx
2026-09-20 14:05:32,564 - INFO - config - Using config file E:\Projects\excelence\backend\utils\config.json
2026-09-20 14:06:15,336 - INFO - config - Using config file E:\Projects\excelence\backend\utils\config.json
2026-09-20 14:26:17,557 - INFO - config - Using config file E:\Projects\excelence\backend\utils\config.json
2026-09-20 14:38:20,870 - INFO - config - Using config file E:\Projects\excelence\backend\utils\config.json
2026-09-20 14:57:11,528 - INFO - config - Using config file E:\Projects\excelence\backend\utils\config.json
2026-09-21 09:01:48,257 - INFO - config - Using config file E:\Projects\excelence\backend\utils\config.json
2026-09-21 09:04:03,953 - INFO - document - Opened document test.xlsx
2026-09-21 10:01:46,844 - INFO - document - Opened document test.xlsx
2026-09-21 10:01:58,280 - ERROR - main - Unhandled API error for /spreadsheet/columns/rename
Traceback (most recent call last):
  File "C:\Users\Elsalam 1\AppData\Local\Programs\Python\Python314\Lib\site-packages\starlette\middleware\errors.py", line 164, in __call__
    await self.app(scope, receive, _send)
  File "C:\Users\Elsalam 1\AppData\Local\Programs\Python\Python314\Lib\site-packages\starlette\middleware\cors.py", line 96, in __call__
    await self.simple_response(scope, receive, send, request_headers=headers)
  File "C:\Users\Elsalam 1\AppData\Local\Programs\Python\Python314\Lib\site-packages\starlette\middleware\cors.py", line 154, in simple_response
    await self.app(scope, receive, send)
  File "C:\Users\Elsalam 1\AppData\Local\Programs\Python\Python314\Lib\site-packages\starlette\middleware\exceptions.py", line 63, in __call__
    await wrap_app_handling_exceptions(self.app, conn)(scope, receive, send)
  File "C:\Users\Elsalam 1\AppData\Local\Programs\Python\Python314\Lib\site-packages\starlette\_exception_handler.py", line 53, in wrapped_app
    raise exc
  File "C:\Users\Elsalam 1\AppData\Local\Programs\Python\Python314\Lib\site-packages\starlette\_exception_handler.py", line 42, in wrapped_app
    await app(scope, receive, sender)
  File "C:\Users\Elsalam 1\AppData\Local\Programs\Python\Python314\Lib\site-packages\fastapi\middleware\asyncexitstack.py", line 18, in __call__
    await self.app(scope, receive, send)
  File "C:\Users\Elsalam 1\AppData\Local\Programs\Python\Python314\Lib\site-packages\starlette\routing.py", line 670, in __call__
    await self.middleware_stack(scope, receive, send)
  File "C:\Users\Elsalam 1\AppData\Local\Programs\Python\Python314\Lib\site-packages\fastapi\routing.py", line 2734, in app
    await route.handle(scope, receive, send)
  File "C:\Users\Elsalam 1\AppData\Local\Programs\Python\Python314\Lib\site-packages\fastapi\routing.py", line 1780, in handle
    await self.original_router.handle(scope, receive, send)
  File "C:\Users\Elsalam 1\AppData\Local\Programs\Python\Python314\Lib\site-packages\fastapi\routing.py", line 2789, in handle
    await included_router._handle_selected(scope, receive, send)
  File "C:\Users\Elsalam 1\AppData\Local\Programs\Python\Python314\Lib\site-packages\fastapi\routing.py", line 1800, in _handle_selected
    await original_route.handle(scope, receive, send)
  File "C:\Users\Elsalam 1\AppData\Local\Programs\Python\Python314\Lib\site-packages\fastapi\routing.py", line 1279, in handle
    await app(scope, receive, send)
  File "C:\Users\Elsalam 1\AppData\Local\Programs\Python\Python314\Lib\site-packages\fastapi\routing.py", line 158, in app
    await wrap_app_handling_exceptions(app, request)(scope, receive, send)
  File "C:\Users\Elsalam 1\AppData\Local\Programs\Python\Python314\Lib\site-packages\starlette\_exception_handler.py", line 53, in wrapped_app
    raise exc
  File "C:\Users\Elsalam 1\AppData\Local\Programs\Python\Python314\Lib\site-packages\starlette\_exception_handler.py", line 42, in wrapped_app
    await app(scope, receive, sender)
  File "C:\Users\Elsalam 1\AppData\Local\Programs\Python\Python314\Lib\site-packages\fastapi\routing.py", line 144, in app
    response = await f(request)
               ^^^^^^^^^^^^^^^^
  File "C:\Users\Elsalam 1\AppData\Local\Programs\Python\Python314\Lib\site-packages\fastapi\routing.py", line 706, in app
    raw_response = await run_endpoint_function(
                   ^^^^^^^^^^^^^^^^^^^^^^^^^^^^
    ...<3 lines>...
    )
    ^
  File "C:\Users\Elsalam 1\AppData\Local\Programs\Python\Python314\Lib\site-packages\fastapi\routing.py", line 354, in run_endpoint_function
    return await run_in_threadpool(dependant.call, **values)
           ^^^^^^^^^^^^^^^^^^^^^^^^^^^^^^^^^^^^^^^^^^^^^^^^^
  File "C:\Users\Elsalam 1\AppData\Local\Programs\Python\Python314\Lib\site-packages\starlette\concurrency.py", line 34, in run_in_threadpool
    return await anyio.to_thread.run_sync(func)
           ^^^^^^^^^^^^^^^^^^^^^^^^^^^^^^^^^^^^
  File "C:\Users\Elsalam 1\AppData\Local\Programs\Python\Python314\Lib\site-packages\anyio\to_thread.py", line 65, in run_sync
    return await get_async_backend().run_sync_in_worker_thread(
           ^^^^^^^^^^^^^^^^^^^^^^^^^^^^^^^^^^^^^^^^^^^^^^^^^^^^
        func, args, abandon_on_cancel=abandon_on_cancel, limiter=limiter
        ^^^^^^^^^^^^^^^^^^^^^^^^^^^^^^^^^^^^^^^^^^^^^^^^^^^^^^^^^^^^^^^^
    )
    ^
  File "C:\Users\Elsalam 1\AppData\Local\Programs\Python\Python314\Lib\site-packages\anyio\_backends\_asyncio.py", line 2706, in run_sync_in_worker_thread
    return await future
           ^^^^^^^^^^^^
  File "C:\Users\Elsalam 1\AppData\Local\Programs\Python\Python314\Lib\site-packages\anyio\_backends\_asyncio.py", line 1100, in run
    result = context.run(func, *args)
  File "E:\Projects\excelence\backend\api\spreadsheet.py", line 320, in rename_column
    success = controller.rename_column(request.old_name, request.new_name)
              ^^^^^^^^^^^^^^^^^^^^^^^^
AttributeError: 'Controller' object has no attribute 'rename_column'. Did you mean: 'delete_column'?
2026-09-21 10:02:12,532 - ERROR - main - Unhandled API error for /spreadsheet/columns/rename
Traceback (most recent call last):
  File "C:\Users\Elsalam 1\AppData\Local\Programs\Python\Python314\Lib\site-packages\starlette\middleware\errors.py", line 164, in __call__
    await self.app(scope, receive, _send)
  File "C:\Users\Elsalam 1\AppData\Local\Programs\Python\Python314\Lib\site-packages\starlette\middleware\cors.py", line 96, in __call__
    await self.simple_response(scope, receive, send, request_headers=headers)
  File "C:\Users\Elsalam 1\AppData\Local\Programs\Python\Python314\Lib\site-packages\starlette\middleware\cors.py", line 154, in simple_response
    await self.app(scope, receive, send)
  File "C:\Users\Elsalam 1\AppData\Local\Programs\Python\Python314\Lib\site-packages\starlette\middleware\exceptions.py", line 63, in __call__
    await wrap_app_handling_exceptions(self.app, conn)(scope, receive, send)
  File "C:\Users\Elsalam 1\AppData\Local\Programs\Python\Python314\Lib\site-packages\starlette\_exception_handler.py", line 53, in wrapped_app
    raise exc
  File "C:\Users\Elsalam 1\AppData\Local\Programs\Python\Python314\Lib\site-packages\starlette\_exception_handler.py", line 42, in wrapped_app
    await app(scope, receive, sender)
  File "C:\Users\Elsalam 1\AppData\Local\Programs\Python\Python314\Lib\site-packages\fastapi\middleware\asyncexitstack.py", line 18, in __call__
    await self.app(scope, receive, send)
  File "C:\Users\Elsalam 1\AppData\Local\Programs\Python\Python314\Lib\site-packages\starlette\routing.py", line 670, in __call__
    await self.middleware_stack(scope, receive, send)
  File "C:\Users\Elsalam 1\AppData\Local\Programs\Python\Python314\Lib\site-packages\fastapi\routing.py", line 2734, in app
    await route.handle(scope, receive, send)
  File "C:\Users\Elsalam 1\AppData\Local\Programs\Python\Python314\Lib\site-packages\fastapi\routing.py", line 1780, in handle
    await self.original_router.handle(scope, receive, send)
  File "C:\Users\Elsalam 1\AppData\Local\Programs\Python\Python314\Lib\site-packages\fastapi\routing.py", line 2789, in handle
    await included_router._handle_selected(scope, receive, send)
  File "C:\Users\Elsalam 1\AppData\Local\Programs\Python\Python314\Lib\site-packages\fastapi\routing.py", line 1800, in _handle_selected
    await original_route.handle(scope, receive, send)
  File "C:\Users\Elsalam 1\AppData\Local\Programs\Python\Python314\Lib\site-packages\fastapi\routing.py", line 1279, in handle
    await app(scope, receive, send)
  File "C:\Users\Elsalam 1\AppData\Local\Programs\Python\Python314\Lib\site-packages\fastapi\routing.py", line 158, in app
    await wrap_app_handling_exceptions(app, request)(scope, receive, send)
  File "C:\Users\Elsalam 1\AppData\Local\Programs\Python\Python314\Lib\site-packages\starlette\_exception_handler.py", line 53, in wrapped_app
    raise exc
  File "C:\Users\Elsalam 1\AppData\Local\Programs\Python\Python314\Lib\site-packages\starlette\_exception_handler.py", line 42, in wrapped_app
    await app(scope, receive, sender)
  File "C:\Users\Elsalam 1\AppData\Local\Programs\Python\Python314\Lib\site-packages\fastapi\routing.py", line 144, in app
    response = await f(request)
               ^^^^^^^^^^^^^^^^
  File "C:\Users\Elsalam 1\AppData\Local\Programs\Python\Python314\Lib\site-packages\fastapi\routing.py", line 706, in app
    raw_response = await run_endpoint_function(
                   ^^^^^^^^^^^^^^^^^^^^^^^^^^^^
    ...<3 lines>...
    )
    ^
  File "C:\Users\Elsalam 1\AppData\Local\Programs\Python\Python314\Lib\site-packages\fastapi\routing.py", line 354, in run_endpoint_function
    return await run_in_threadpool(dependant.call, **values)
           ^^^^^^^^^^^^^^^^^^^^^^^^^^^^^^^^^^^^^^^^^^^^^^^^^
  File "C:\Users\Elsalam 1\AppData\Local\Programs\Python\Python314\Lib\site-packages\starlette\concurrency.py", line 34, in run_in_threadpool
    return await anyio.to_thread.run_sync(func)
           ^^^^^^^^^^^^^^^^^^^^^^^^^^^^^^^^^^^^
  File "C:\Users\Elsalam 1\AppData\Local\Programs\Python\Python314\Lib\site-packages\anyio\to_thread.py", line 65, in run_sync
    return await get_async_backend().run_sync_in_worker_thread(
           ^^^^^^^^^^^^^^^^^^^^^^^^^^^^^^^^^^^^^^^^^^^^^^^^^^^^
        func, args, abandon_on_cancel=abandon_on_cancel, limiter=limiter
        ^^^^^^^^^^^^^^^^^^^^^^^^^^^^^^^^^^^^^^^^^^^^^^^^^^^^^^^^^^^^^^^^
    )
    ^
  File "C:\Users\Elsalam 1\AppData\Local\Programs\Python\Python314\Lib\site-packages\anyio\_backends\_asyncio.py", line 2706, in run_sync_in_worker_thread
    return await future
           ^^^^^^^^^^^^
  File "C:\Users\Elsalam 1\AppData\Local\Programs\Python\Python314\Lib\site-packages\anyio\_backends\_asyncio.py", line 1100, in run
    result = context.run(func, *args)
  File "E:\Projects\excelence\backend\api\spreadsheet.py", line 320, in rename_column
    success = controller.rename_column(request.old_name, request.new_name)
              ^^^^^^^^^^^^^^^^^^^^^^^^
AttributeError: 'Controller' object has no attribute 'rename_column'. Did you mean: 'delete_column'?
2026-09-21 10:02:20,523 - ERROR - main - Unhandled API error for /spreadsheet/columns/rename
Traceback (most recent call last):
  File "C:\Users\Elsalam 1\AppData\Local\Programs\Python\Python314\Lib\site-packages\starlette\middleware\errors.py", line 164, in __call__
    await self.app(scope, receive, _send)
  File "C:\Users\Elsalam 1\AppData\Local\Programs\Python\Python314\Lib\site-packages\starlette\middleware\cors.py", line 96, in __call__
    await self.simple_response(scope, receive, send, request_headers=headers)
  File "C:\Users\Elsalam 1\AppData\Local\Programs\Python\Python314\Lib\site-packages\starlette\middleware\cors.py", line 154, in simple_response
    await self.app(scope, receive, send)
  File "C:\Users\Elsalam 1\AppData\Local\Programs\Python\Python314\Lib\site-packages\starlette\middleware\exceptions.py", line 63, in __call__
    await wrap_app_handling_exceptions(self.app, conn)(scope, receive, send)
  File "C:\Users\Elsalam 1\AppData\Local\Programs\Python\Python314\Lib\site-packages\starlette\_exception_handler.py", line 53, in wrapped_app
    raise exc
  File "C:\Users\Elsalam 1\AppData\Local\Programs\Python\Python314\Lib\site-packages\starlette\_exception_handler.py", line 42, in wrapped_app
    await app(scope, receive, sender)
  File "C:\Users\Elsalam 1\AppData\Local\Programs\Python\Python314\Lib\site-packages\fastapi\middleware\asyncexitstack.py", line 18, in __call__
    await self.app(scope, receive, send)
  File "C:\Users\Elsalam 1\AppData\Local\Programs\Python\Python314\Lib\site-packages\starlette\routing.py", line 670, in __call__
    await self.middleware_stack(scope, receive, send)
  File "C:\Users\Elsalam 1\AppData\Local\Programs\Python\Python314\Lib\site-packages\fastapi\routing.py", line 2734, in app
    await route.handle(scope, receive, send)
  File "C:\Users\Elsalam 1\AppData\Local\Programs\Python\Python314\Lib\site-packages\fastapi\routing.py", line 1780, in handle
    await self.original_router.handle(scope, receive, send)
  File "C:\Users\Elsalam 1\AppData\Local\Programs\Python\Python314\Lib\site-packages\fastapi\routing.py", line 2789, in handle
    await included_router._handle_selected(scope, receive, send)
  File "C:\Users\Elsalam 1\AppData\Local\Programs\Python\Python314\Lib\site-packages\fastapi\routing.py", line 1800, in _handle_selected
    await original_route.handle(scope, receive, send)
  File "C:\Users\Elsalam 1\AppData\Local\Programs\Python\Python314\Lib\site-packages\fastapi\routing.py", line 1279, in handle
    await app(scope, receive, send)
  File "C:\Users\Elsalam 1\AppData\Local\Programs\Python\Python314\Lib\site-packages\fastapi\routing.py", line 158, in app
    await wrap_app_handling_exceptions(app, request)(scope, receive, send)
  File "C:\Users\Elsalam 1\AppData\Local\Programs\Python\Python314\Lib\site-packages\starlette\_exception_handler.py", line 53, in wrapped_app
    raise exc
  File "C:\Users\Elsalam 1\AppData\Local\Programs\Python\Python314\Lib\site-packages\starlette\_exception_handler.py", line 42, in wrapped_app
    await app(scope, receive, sender)
  File "C:\Users\Elsalam 1\AppData\Local\Programs\Python\Python314\Lib\site-packages\fastapi\routing.py", line 144, in app
    response = await f(request)
               ^^^^^^^^^^^^^^^^
  File "C:\Users\Elsalam 1\AppData\Local\Programs\Python\Python314\Lib\site-packages\fastapi\routing.py", line 706, in app
    raw_response = await run_endpoint_function(
                   ^^^^^^^^^^^^^^^^^^^^^^^^^^^^
    ...<3 lines>...
    )
    ^
  File "C:\Users\Elsalam 1\AppData\Local\Programs\Python\Python314\Lib\site-packages\fastapi\routing.py", line 354, in run_endpoint_function
    return await run_in_threadpool(dependant.call, **values)
           ^^^^^^^^^^^^^^^^^^^^^^^^^^^^^^^^^^^^^^^^^^^^^^^^^
  File "C:\Users\Elsalam 1\AppData\Local\Programs\Python\Python314\Lib\site-packages\starlette\concurrency.py", line 34, in run_in_threadpool
    return await anyio.to_thread.run_sync(func)
           ^^^^^^^^^^^^^^^^^^^^^^^^^^^^^^^^^^^^
  File "C:\Users\Elsalam 1\AppData\Local\Programs\Python\Python314\Lib\site-packages\anyio\to_thread.py", line 65, in run_sync
    return await get_async_backend().run_sync_in_worker_thread(
           ^^^^^^^^^^^^^^^^^^^^^^^^^^^^^^^^^^^^^^^^^^^^^^^^^^^^
        func, args, abandon_on_cancel=abandon_on_cancel, limiter=limiter
        ^^^^^^^^^^^^^^^^^^^^^^^^^^^^^^^^^^^^^^^^^^^^^^^^^^^^^^^^^^^^^^^^
    )
    ^
  File "C:\Users\Elsalam 1\AppData\Local\Programs\Python\Python314\Lib\site-packages\anyio\_backends\_asyncio.py", line 2706, in run_sync_in_worker_thread
    return await future
           ^^^^^^^^^^^^
  File "C:\Users\Elsalam 1\AppData\Local\Programs\Python\Python314\Lib\site-packages\anyio\_backends\_asyncio.py", line 1100, in run
    result = context.run(func, *args)
  File "E:\Projects\excelence\backend\api\spreadsheet.py", line 320, in rename_column
    success = controller.rename_column(request.old_name, request.new_name)
              ^^^^^^^^^^^^^^^^^^^^^^^^
AttributeError: 'Controller' object has no attribute 'rename_column'. Did you mean: 'delete_column'?
2026-09-21 10:02:29,711 - ERROR - main - Unhandled API error for /spreadsheet/columns/rename
Traceback (most recent call last):
  File "C:\Users\Elsalam 1\AppData\Local\Programs\Python\Python314\Lib\site-packages\starlette\middleware\errors.py", line 164, in __call__
    await self.app(scope, receive, _send)
  File "C:\Users\Elsalam 1\AppData\Local\Programs\Python\Python314\Lib\site-packages\starlette\middleware\cors.py", line 96, in __call__
    await self.simple_response(scope, receive, send, request_headers=headers)
  File "C:\Users\Elsalam 1\AppData\Local\Programs\Python\Python314\Lib\site-packages\starlette\middleware\cors.py", line 154, in simple_response
    await self.app(scope, receive, send)
  File "C:\Users\Elsalam 1\AppData\Local\Programs\Python\Python314\Lib\site-packages\starlette\middleware\exceptions.py", line 63, in __call__
    await wrap_app_handling_exceptions(self.app, conn)(scope, receive, send)
  File "C:\Users\Elsalam 1\AppData\Local\Programs\Python\Python314\Lib\site-packages\starlette\_exception_handler.py", line 53, in wrapped_app
    raise exc
  File "C:\Users\Elsalam 1\AppData\Local\Programs\Python\Python314\Lib\site-packages\starlette\_exception_handler.py", line 42, in wrapped_app
    await app(scope, receive, sender)
  File "C:\Users\Elsalam 1\AppData\Local\Programs\Python\Python314\Lib\site-packages\fastapi\middleware\asyncexitstack.py", line 18, in __call__
    await self.app(scope, receive, send)
  File "C:\Users\Elsalam 1\AppData\Local\Programs\Python\Python314\Lib\site-packages\starlette\routing.py", line 670, in __call__
    await self.middleware_stack(scope, receive, send)
  File "C:\Users\Elsalam 1\AppData\Local\Programs\Python\Python314\Lib\site-packages\fastapi\routing.py", line 2734, in app
    await route.handle(scope, receive, send)
  File "C:\Users\Elsalam 1\AppData\Local\Programs\Python\Python314\Lib\site-packages\fastapi\routing.py", line 1780, in handle
    await self.original_router.handle(scope, receive, send)
  File "C:\Users\Elsalam 1\AppData\Local\Programs\Python\Python314\Lib\site-packages\fastapi\routing.py", line 2789, in handle
    await included_router._handle_selected(scope, receive, send)
  File "C:\Users\Elsalam 1\AppData\Local\Programs\Python\Python314\Lib\site-packages\fastapi\routing.py", line 1800, in _handle_selected
    await original_route.handle(scope, receive, send)
  File "C:\Users\Elsalam 1\AppData\Local\Programs\Python\Python314\Lib\site-packages\fastapi\routing.py", line 1279, in handle
    await app(scope, receive, send)
  File "C:\Users\Elsalam 1\AppData\Local\Programs\Python\Python314\Lib\site-packages\fastapi\routing.py", line 158, in app
    await wrap_app_handling_exceptions(app, request)(scope, receive, send)
  File "C:\Users\Elsalam 1\AppData\Local\Programs\Python\Python314\Lib\site-packages\starlette\_exception_handler.py", line 53, in wrapped_app
    raise exc
  File "C:\Users\Elsalam 1\AppData\Local\Programs\Python\Python314\Lib\site-packages\starlette\_exception_handler.py", line 42, in wrapped_app
    await app(scope, receive, sender)
  File "C:\Users\Elsalam 1\AppData\Local\Programs\Python\Python314\Lib\site-packages\fastapi\routing.py", line 144, in app
    response = await f(request)
               ^^^^^^^^^^^^^^^^
  File "C:\Users\Elsalam 1\AppData\Local\Programs\Python\Python314\Lib\site-packages\fastapi\routing.py", line 706, in app
    raw_response = await run_endpoint_function(
                   ^^^^^^^^^^^^^^^^^^^^^^^^^^^^
    ...<3 lines>...
    )
    ^
  File "C:\Users\Elsalam 1\AppData\Local\Programs\Python\Python314\Lib\site-packages\fastapi\routing.py", line 354, in run_endpoint_function
    return await run_in_threadpool(dependant.call, **values)
           ^^^^^^^^^^^^^^^^^^^^^^^^^^^^^^^^^^^^^^^^^^^^^^^^^
  File "C:\Users\Elsalam 1\AppData\Local\Programs\Python\Python314\Lib\site-packages\starlette\concurrency.py", line 34, in run_in_threadpool
    return await anyio.to_thread.run_sync(func)
           ^^^^^^^^^^^^^^^^^^^^^^^^^^^^^^^^^^^^
  File "C:\Users\Elsalam 1\AppData\Local\Programs\Python\Python314\Lib\site-packages\anyio\to_thread.py", line 65, in run_sync
    return await get_async_backend().run_sync_in_worker_thread(
           ^^^^^^^^^^^^^^^^^^^^^^^^^^^^^^^^^^^^^^^^^^^^^^^^^^^^
        func, args, abandon_on_cancel=abandon_on_cancel, limiter=limiter
        ^^^^^^^^^^^^^^^^^^^^^^^^^^^^^^^^^^^^^^^^^^^^^^^^^^^^^^^^^^^^^^^^
    )
    ^
  File "C:\Users\Elsalam 1\AppData\Local\Programs\Python\Python314\Lib\site-packages\anyio\_backends\_asyncio.py", line 2706, in run_sync_in_worker_thread
    return await future
           ^^^^^^^^^^^^
  File "C:\Users\Elsalam 1\AppData\Local\Programs\Python\Python314\Lib\site-packages\anyio\_backends\_asyncio.py", line 1100, in run
    result = context.run(func, *args)
  File "E:\Projects\excelence\backend\api\spreadsheet.py", line 320, in rename_column
    success = controller.rename_column(request.old_name, request.new_name)
              ^^^^^^^^^^^^^^^^^^^^^^^^
AttributeError: 'Controller' object has no attribute 'rename_column'. Did you mean: 'delete_column'?
2026-09-21 10:05:05,541 - ERROR - main - Unhandled API error for /spreadsheet/columns/rename
Traceback (most recent call last):
  File "C:\Users\Elsalam 1\AppData\Local\Programs\Python\Python314\Lib\site-packages\starlette\middleware\errors.py", line 164, in __call__
    await self.app(scope, receive, _send)
  File "C:\Users\Elsalam 1\AppData\Local\Programs\Python\Python314\Lib\site-packages\starlette\middleware\cors.py", line 96, in __call__
    await self.simple_response(scope, receive, send, request_headers=headers)
  File "C:\Users\Elsalam 1\AppData\Local\Programs\Python\Python314\Lib\site-packages\starlette\middleware\cors.py", line 154, in simple_response
    await self.app(scope, receive, send)
  File "C:\Users\Elsalam 1\AppData\Local\Programs\Python\Python314\Lib\site-packages\starlette\middleware\exceptions.py", line 63, in __call__
    await wrap_app_handling_exceptions(self.app, conn)(scope, receive, send)
  File "C:\Users\Elsalam 1\AppData\Local\Programs\Python\Python314\Lib\site-packages\starlette\_exception_handler.py", line 53, in wrapped_app
    raise exc
  File "C:\Users\Elsalam 1\AppData\Local\Programs\Python\Python314\Lib\site-packages\starlette\_exception_handler.py", line 42, in wrapped_app
    await app(scope, receive, sender)
  File "C:\Users\Elsalam 1\AppData\Local\Programs\Python\Python314\Lib\site-packages\fastapi\middleware\asyncexitstack.py", line 18, in __call__
    await self.app(scope, receive, send)
  File "C:\Users\Elsalam 1\AppData\Local\Programs\Python\Python314\Lib\site-packages\starlette\routing.py", line 670, in __call__
    await self.middleware_stack(scope, receive, send)
  File "C:\Users\Elsalam 1\AppData\Local\Programs\Python\Python314\Lib\site-packages\fastapi\routing.py", line 2734, in app
    await route.handle(scope, receive, send)
  File "C:\Users\Elsalam 1\AppData\Local\Programs\Python\Python314\Lib\site-packages\fastapi\routing.py", line 1780, in handle
    await self.original_router.handle(scope, receive, send)
  File "C:\Users\Elsalam 1\AppData\Local\Programs\Python\Python314\Lib\site-packages\fastapi\routing.py", line 2789, in handle
    await included_router._handle_selected(scope, receive, send)
  File "C:\Users\Elsalam 1\AppData\Local\Programs\Python\Python314\Lib\site-packages\fastapi\routing.py", line 1800, in _handle_selected
    await original_route.handle(scope, receive, send)
  File "C:\Users\Elsalam 1\AppData\Local\Programs\Python\Python314\Lib\site-packages\fastapi\routing.py", line 1279, in handle
    await app(scope, receive, send)
  File "C:\Users\Elsalam 1\AppData\Local\Programs\Python\Python314\Lib\site-packages\fastapi\routing.py", line 158, in app
    await wrap_app_handling_exceptions(app, request)(scope, receive, send)
  File "C:\Users\Elsalam 1\AppData\Local\Programs\Python\Python314\Lib\site-packages\starlette\_exception_handler.py", line 53, in wrapped_app
    raise exc
  File "C:\Users\Elsalam 1\AppData\Local\Programs\Python\Python314\Lib\site-packages\starlette\_exception_handler.py", line 42, in wrapped_app
    await app(scope, receive, sender)
  File "C:\Users\Elsalam 1\AppData\Local\Programs\Python\Python314\Lib\site-packages\fastapi\routing.py", line 144, in app
    response = await f(request)
               ^^^^^^^^^^^^^^^^
  File "C:\Users\Elsalam 1\AppData\Local\Programs\Python\Python314\Lib\site-packages\fastapi\routing.py", line 706, in app
    raw_response = await run_endpoint_function(
                   ^^^^^^^^^^^^^^^^^^^^^^^^^^^^
    ...<3 lines>...
    )
    ^
  File "C:\Users\Elsalam 1\AppData\Local\Programs\Python\Python314\Lib\site-packages\fastapi\routing.py", line 354, in run_endpoint_function
    return await run_in_threadpool(dependant.call, **values)
           ^^^^^^^^^^^^^^^^^^^^^^^^^^^^^^^^^^^^^^^^^^^^^^^^^
  File "C:\Users\Elsalam 1\AppData\Local\Programs\Python\Python314\Lib\site-packages\starlette\concurrency.py", line 34, in run_in_threadpool
    return await anyio.to_thread.run_sync(func)
           ^^^^^^^^^^^^^^^^^^^^^^^^^^^^^^^^^^^^
  File "C:\Users\Elsalam 1\AppData\Local\Programs\Python\Python314\Lib\site-packages\anyio\to_thread.py", line 65, in run_sync
    return await get_async_backend().run_sync_in_worker_thread(
           ^^^^^^^^^^^^^^^^^^^^^^^^^^^^^^^^^^^^^^^^^^^^^^^^^^^^
        func, args, abandon_on_cancel=abandon_on_cancel, limiter=limiter
        ^^^^^^^^^^^^^^^^^^^^^^^^^^^^^^^^^^^^^^^^^^^^^^^^^^^^^^^^^^^^^^^^
    )
    ^
  File "C:\Users\Elsalam 1\AppData\Local\Programs\Python\Python314\Lib\site-packages\anyio\_backends\_asyncio.py", line 2706, in run_sync_in_worker_thread
    return await future
           ^^^^^^^^^^^^
  File "C:\Users\Elsalam 1\AppData\Local\Programs\Python\Python314\Lib\site-packages\anyio\_backends\_asyncio.py", line 1100, in run
    result = context.run(func, *args)
  File "E:\Projects\excelence\backend\api\spreadsheet.py", line 320, in rename_column
    success = controller.rename_column(request.old_name, request.new_name)
              ^^^^^^^^^^^^^^^^^^^^^^^^
AttributeError: 'Controller' object has no attribute 'rename_column'. Did you mean: 'delete_column'?
2026-09-21 10:16:21,293 - INFO - config - Using config file E:\Projects\excelence\backend\utils\config.json
2026-09-21 10:17:00,320 - INFO - config - Using config file E:\Projects\excelence\backend\utils\config.json
2026-09-21 10:17:49,773 - INFO - config - Using config file E:\Projects\excelence\backend\utils\config.json
2026-09-21 10:18:17,765 - INFO - config - Using config file E:\Projects\excelence\backend\utils\config.json
2026-09-21 10:20:16,047 - INFO - document - Opened document test.xlsx
2026-09-21 10:20:26,131 - ERROR - main - Unhandled API error for /spreadsheet/columns/rename
Traceback (most recent call last):
  File "C:\Users\Elsalam 1\AppData\Local\Programs\Python\Python314\Lib\site-packages\starlette\middleware\errors.py", line 164, in __call__
    await self.app(scope, receive, _send)
  File "C:\Users\Elsalam 1\AppData\Local\Programs\Python\Python314\Lib\site-packages\starlette\middleware\cors.py", line 96, in __call__
    await self.simple_response(scope, receive, send, request_headers=headers)
  File "C:\Users\Elsalam 1\AppData\Local\Programs\Python\Python314\Lib\site-packages\starlette\middleware\cors.py", line 154, in simple_response
    await self.app(scope, receive, send)
  File "C:\Users\Elsalam 1\AppData\Local\Programs\Python\Python314\Lib\site-packages\starlette\middleware\exceptions.py", line 63, in __call__
    await wrap_app_handling_exceptions(self.app, conn)(scope, receive, send)
  File "C:\Users\Elsalam 1\AppData\Local\Programs\Python\Python314\Lib\site-packages\starlette\_exception_handler.py", line 53, in wrapped_app
    raise exc
  File "C:\Users\Elsalam 1\AppData\Local\Programs\Python\Python314\Lib\site-packages\starlette\_exception_handler.py", line 42, in wrapped_app
    await app(scope, receive, sender)
  File "C:\Users\Elsalam 1\AppData\Local\Programs\Python\Python314\Lib\site-packages\fastapi\middleware\asyncexitstack.py", line 18, in __call__
    await self.app(scope, receive, send)
  File "C:\Users\Elsalam 1\AppData\Local\Programs\Python\Python314\Lib\site-packages\starlette\routing.py", line 670, in __call__
    await self.middleware_stack(scope, receive, send)
  File "C:\Users\Elsalam 1\AppData\Local\Programs\Python\Python314\Lib\site-packages\fastapi\routing.py", line 2734, in app
    await route.handle(scope, receive, send)
  File "C:\Users\Elsalam 1\AppData\Local\Programs\Python\Python314\Lib\site-packages\fastapi\routing.py", line 1780, in handle
    await self.original_router.handle(scope, receive, send)
  File "C:\Users\Elsalam 1\AppData\Local\Programs\Python\Python314\Lib\site-packages\fastapi\routing.py", line 2789, in handle
    await included_router._handle_selected(scope, receive, send)
  File "C:\Users\Elsalam 1\AppData\Local\Programs\Python\Python314\Lib\site-packages\fastapi\routing.py", line 1800, in _handle_selected
    await original_route.handle(scope, receive, send)
  File "C:\Users\Elsalam 1\AppData\Local\Programs\Python\Python314\Lib\site-packages\fastapi\routing.py", line 1279, in handle
    await app(scope, receive, send)
  File "C:\Users\Elsalam 1\AppData\Local\Programs\Python\Python314\Lib\site-packages\fastapi\routing.py", line 158, in app
    await wrap_app_handling_exceptions(app, request)(scope, receive, send)
  File "C:\Users\Elsalam 1\AppData\Local\Programs\Python\Python314\Lib\site-packages\starlette\_exception_handler.py", line 53, in wrapped_app
    raise exc
  File "C:\Users\Elsalam 1\AppData\Local\Programs\Python\Python314\Lib\site-packages\starlette\_exception_handler.py", line 42, in wrapped_app
    await app(scope, receive, sender)
  File "C:\Users\Elsalam 1\AppData\Local\Programs\Python\Python314\Lib\site-packages\fastapi\routing.py", line 144, in app
    response = await f(request)
               ^^^^^^^^^^^^^^^^
  File "C:\Users\Elsalam 1\AppData\Local\Programs\Python\Python314\Lib\site-packages\fastapi\routing.py", line 706, in app
    raw_response = await run_endpoint_function(
                   ^^^^^^^^^^^^^^^^^^^^^^^^^^^^
    ...<3 lines>...
    )
    ^
  File "C:\Users\Elsalam 1\AppData\Local\Programs\Python\Python314\Lib\site-packages\fastapi\routing.py", line 354, in run_endpoint_function
    return await run_in_threadpool(dependant.call, **values)
           ^^^^^^^^^^^^^^^^^^^^^^^^^^^^^^^^^^^^^^^^^^^^^^^^^
  File "C:\Users\Elsalam 1\AppData\Local\Programs\Python\Python314\Lib\site-packages\starlette\concurrency.py", line 34, in run_in_threadpool
    return await anyio.to_thread.run_sync(func)
           ^^^^^^^^^^^^^^^^^^^^^^^^^^^^^^^^^^^^
  File "C:\Users\Elsalam 1\AppData\Local\Programs\Python\Python314\Lib\site-packages\anyio\to_thread.py", line 65, in run_sync
    return await get_async_backend().run_sync_in_worker_thread(
           ^^^^^^^^^^^^^^^^^^^^^^^^^^^^^^^^^^^^^^^^^^^^^^^^^^^^
        func, args, abandon_on_cancel=abandon_on_cancel, limiter=limiter
        ^^^^^^^^^^^^^^^^^^^^^^^^^^^^^^^^^^^^^^^^^^^^^^^^^^^^^^^^^^^^^^^^
    )
    ^
  File "C:\Users\Elsalam 1\AppData\Local\Programs\Python\Python314\Lib\site-packages\anyio\_backends\_asyncio.py", line 2706, in run_sync_in_worker_thread
    return await future
           ^^^^^^^^^^^^
  File "C:\Users\Elsalam 1\AppData\Local\Programs\Python\Python314\Lib\site-packages\anyio\_backends\_asyncio.py", line 1100, in run
    result = context.run(func, *args)
  File "E:\Projects\excelence\backend\api\spreadsheet.py", line 320, in rename_column
    success = controller.rename_column(request.old_name, request.new_name)
  File "E:\Projects\excelence\backend\controller\controller.py", line 384, in rename_column
    return self.spreadsheet_service.rename_column(
           ~~~~~~~~~~~~~~~~~~~~~~~~~~~~~~~~~~~~~~^
        old_name,
        ^^^^^^^^^
        new_name,
        ^^^^^^^^^
    )
    ^
  File "E:\Projects\excelence\backend\services\spreadsheet_service.py", line 89, in rename_column
    return self._execute(command)
           ~~~~~~~~~~~~~^^^^^^^^^
  File "E:\Projects\excelence\backend\services\spreadsheet_service.py", line 33, in _execute
    return self.command_manager.execute(command)
           ~~~~~~~~~~~~~~~~~~~~~~~~~~~~^^^^^^^^^
  File "E:\Projects\excelence\backend\commands\manager.py", line 9, in execute
    result = command.execute()
  File "E:\Projects\excelence\backend\commands\spreadsheet\rename_column.py", line 17, in execute
    return self.document.rename_column(
           ~~~~~~~~~~~~~~~~~~~~~~~~~~~^
        self.old_name,
        ^^^^^^^^^^^^^^
        self.new_name
        ^^^^^^^^^^^^^
    )
    ^
  File "E:\Projects\excelence\backend\document\document.py", line 491, in rename_column
    success = self.spreadsheet.rename_column(old_name, new_name)
              ^^^^^^^^^^^^^^^^^^^^^^^^^^^^^^
AttributeError: 'Spreadsheet' object has no attribute 'rename_column'. Did you mean: 'delete_column'?
2026-09-21 10:21:16,707 - INFO - config - Using config file E:\Projects\excelence\backend\utils\config.json
2026-09-21 10:24:18,683 - INFO - document - Opened document test.xlsx
2026-09-21 10:24:28,269 - ERROR - main - Unhandled API error for /spreadsheet/columns/rename
Traceback (most recent call last):
  File "C:\Users\Elsalam 1\AppData\Local\Programs\Python\Python314\Lib\site-packages\starlette\middleware\errors.py", line 164, in __call__
    await self.app(scope, receive, _send)
  File "C:\Users\Elsalam 1\AppData\Local\Programs\Python\Python314\Lib\site-packages\starlette\middleware\cors.py", line 96, in __call__
    await self.simple_response(scope, receive, send, request_headers=headers)
  File "C:\Users\Elsalam 1\AppData\Local\Programs\Python\Python314\Lib\site-packages\starlette\middleware\cors.py", line 154, in simple_response
    await self.app(scope, receive, send)
  File "C:\Users\Elsalam 1\AppData\Local\Programs\Python\Python314\Lib\site-packages\starlette\middleware\exceptions.py", line 63, in __call__
    await wrap_app_handling_exceptions(self.app, conn)(scope, receive, send)
  File "C:\Users\Elsalam 1\AppData\Local\Programs\Python\Python314\Lib\site-packages\starlette\_exception_handler.py", line 53, in wrapped_app
    raise exc
  File "C:\Users\Elsalam 1\AppData\Local\Programs\Python\Python314\Lib\site-packages\starlette\_exception_handler.py", line 42, in wrapped_app
    await app(scope, receive, sender)
  File "C:\Users\Elsalam 1\AppData\Local\Programs\Python\Python314\Lib\site-packages\fastapi\middleware\asyncexitstack.py", line 18, in __call__
    await self.app(scope, receive, send)
  File "C:\Users\Elsalam 1\AppData\Local\Programs\Python\Python314\Lib\site-packages\starlette\routing.py", line 670, in __call__
    await self.middleware_stack(scope, receive, send)
  File "C:\Users\Elsalam 1\AppData\Local\Programs\Python\Python314\Lib\site-packages\fastapi\routing.py", line 2734, in app
    await route.handle(scope, receive, send)
  File "C:\Users\Elsalam 1\AppData\Local\Programs\Python\Python314\Lib\site-packages\fastapi\routing.py", line 1780, in handle
    await self.original_router.handle(scope, receive, send)
  File "C:\Users\Elsalam 1\AppData\Local\Programs\Python\Python314\Lib\site-packages\fastapi\routing.py", line 2789, in handle
    await included_router._handle_selected(scope, receive, send)
  File "C:\Users\Elsalam 1\AppData\Local\Programs\Python\Python314\Lib\site-packages\fastapi\routing.py", line 1800, in _handle_selected
    await original_route.handle(scope, receive, send)
  File "C:\Users\Elsalam 1\AppData\Local\Programs\Python\Python314\Lib\site-packages\fastapi\routing.py", line 1279, in handle
    await app(scope, receive, send)
  File "C:\Users\Elsalam 1\AppData\Local\Programs\Python\Python314\Lib\site-packages\fastapi\routing.py", line 158, in app
    await wrap_app_handling_exceptions(app, request)(scope, receive, send)
  File "C:\Users\Elsalam 1\AppData\Local\Programs\Python\Python314\Lib\site-packages\starlette\_exception_handler.py", line 53, in wrapped_app
    raise exc
  File "C:\Users\Elsalam 1\AppData\Local\Programs\Python\Python314\Lib\site-packages\starlette\_exception_handler.py", line 42, in wrapped_app
    await app(scope, receive, sender)
  File "C:\Users\Elsalam 1\AppData\Local\Programs\Python\Python314\Lib\site-packages\fastapi\routing.py", line 144, in app
    response = await f(request)
               ^^^^^^^^^^^^^^^^
  File "C:\Users\Elsalam 1\AppData\Local\Programs\Python\Python314\Lib\site-packages\fastapi\routing.py", line 706, in app
    raw_response = await run_endpoint_function(
                   ^^^^^^^^^^^^^^^^^^^^^^^^^^^^
    ...<3 lines>...
    )
    ^
  File "C:\Users\Elsalam 1\AppData\Local\Programs\Python\Python314\Lib\site-packages\fastapi\routing.py", line 354, in run_endpoint_function
    return await run_in_threadpool(dependant.call, **values)
           ^^^^^^^^^^^^^^^^^^^^^^^^^^^^^^^^^^^^^^^^^^^^^^^^^
  File "C:\Users\Elsalam 1\AppData\Local\Programs\Python\Python314\Lib\site-packages\starlette\concurrency.py", line 34, in run_in_threadpool
    return await anyio.to_thread.run_sync(func)
           ^^^^^^^^^^^^^^^^^^^^^^^^^^^^^^^^^^^^
  File "C:\Users\Elsalam 1\AppData\Local\Programs\Python\Python314\Lib\site-packages\anyio\to_thread.py", line 65, in run_sync
    return await get_async_backend().run_sync_in_worker_thread(
           ^^^^^^^^^^^^^^^^^^^^^^^^^^^^^^^^^^^^^^^^^^^^^^^^^^^^
        func, args, abandon_on_cancel=abandon_on_cancel, limiter=limiter
        ^^^^^^^^^^^^^^^^^^^^^^^^^^^^^^^^^^^^^^^^^^^^^^^^^^^^^^^^^^^^^^^^
    )
    ^
  File "C:\Users\Elsalam 1\AppData\Local\Programs\Python\Python314\Lib\site-packages\anyio\_backends\_asyncio.py", line 2706, in run_sync_in_worker_thread
    return await future
           ^^^^^^^^^^^^
  File "C:\Users\Elsalam 1\AppData\Local\Programs\Python\Python314\Lib\site-packages\anyio\_backends\_asyncio.py", line 1100, in run
    result = context.run(func, *args)
  File "E:\Projects\excelence\backend\api\spreadsheet.py", line 320, in rename_column
    success = controller.rename_column(request.old_name, request.new_name)
  File "E:\Projects\excelence\backend\controller\controller.py", line 384, in rename_column
    return self.spreadsheet_service.rename_column(
           ~~~~~~~~~~~~~~~~~~~~~~~~~~~~~~~~~~~~~~^
        old_name,
        ^^^^^^^^^
        new_name,
        ^^^^^^^^^
    )
    ^
  File "E:\Projects\excelence\backend\services\spreadsheet_service.py", line 89, in rename_column
    return self._execute(command)
           ~~~~~~~~~~~~~^^^^^^^^^
  File "E:\Projects\excelence\backend\services\spreadsheet_service.py", line 33, in _execute
    return self.command_manager.execute(command)
           ~~~~~~~~~~~~~~~~~~~~~~~~~~~~^^^^^^^^^
  File "E:\Projects\excelence\backend\commands\manager.py", line 9, in execute
    result = command.execute()
  File "E:\Projects\excelence\backend\commands\spreadsheet\rename_column.py", line 17, in execute
    return self.document.rename_column(
           ~~~~~~~~~~~~~~~~~~~~~~~~~~~^
        self.old_name,
        ^^^^^^^^^^^^^^
        self.new_name
        ^^^^^^^^^^^^^
    )
    ^
  File "E:\Projects\excelence\backend\document\document.py", line 491, in rename_column
    success = self.spreadsheet.rename_column(old_name, new_name)
              ^^^^^^^^^^^^^^^^^^^^^^^^^^^^^^
AttributeError: 'Spreadsheet' object has no attribute 'rename_column'. Did you mean: 'delete_column'?
2026-09-21 10:27:53,571 - INFO - config - Using config file E:\Projects\excelence\backend\utils\config.json
2026-09-21 10:29:27,554 - INFO - config - Using config file E:\Projects\excelence\backend\utils\config.json
2026-09-21 10:48:46,625 - INFO - config - Using config file E:\Projects\excelence\backend\utils\config.json
2026-09-21 10:48:52,487 - INFO - config - Using config file E:\Projects\excelence\backend\utils\config.json
2026-09-21 10:52:25,652 - INFO - config - Using config file E:\Projects\excelence\backend\utils\config.json
2026-09-21 10:52:30,853 - INFO - config - Using config file E:\Projects\excelence\backend\utils\config.json
2026-09-21 10:54:50,113 - INFO - document - Opened document test.xlsx
2026-09-21 10:55:00,463 - ERROR - main - Unhandled API error for /spreadsheet/columns/rename
Traceback (most recent call last):
  File "C:\Users\Elsalam 1\AppData\Local\Programs\Python\Python314\Lib\site-packages\starlette\middleware\errors.py", line 164, in __call__
    await self.app(scope, receive, _send)
  File "C:\Users\Elsalam 1\AppData\Local\Programs\Python\Python314\Lib\site-packages\starlette\middleware\cors.py", line 96, in __call__
    await self.simple_response(scope, receive, send, request_headers=headers)
  File "C:\Users\Elsalam 1\AppData\Local\Programs\Python\Python314\Lib\site-packages\starlette\middleware\cors.py", line 154, in simple_response
    await self.app(scope, receive, send)
  File "C:\Users\Elsalam 1\AppData\Local\Programs\Python\Python314\Lib\site-packages\starlette\middleware\exceptions.py", line 63, in __call__
    await wrap_app_handling_exceptions(self.app, conn)(scope, receive, send)
  File "C:\Users\Elsalam 1\AppData\Local\Programs\Python\Python314\Lib\site-packages\starlette\_exception_handler.py", line 53, in wrapped_app
    raise exc
  File "C:\Users\Elsalam 1\AppData\Local\Programs\Python\Python314\Lib\site-packages\starlette\_exception_handler.py", line 42, in wrapped_app
    await app(scope, receive, sender)
  File "C:\Users\Elsalam 1\AppData\Local\Programs\Python\Python314\Lib\site-packages\fastapi\middleware\asyncexitstack.py", line 18, in __call__
    await self.app(scope, receive, send)
  File "C:\Users\Elsalam 1\AppData\Local\Programs\Python\Python314\Lib\site-packages\starlette\routing.py", line 670, in __call__
    await self.middleware_stack(scope, receive, send)
  File "C:\Users\Elsalam 1\AppData\Local\Programs\Python\Python314\Lib\site-packages\fastapi\routing.py", line 2734, in app
    await route.handle(scope, receive, send)
  File "C:\Users\Elsalam 1\AppData\Local\Programs\Python\Python314\Lib\site-packages\fastapi\routing.py", line 1780, in handle
    await self.original_router.handle(scope, receive, send)
  File "C:\Users\Elsalam 1\AppData\Local\Programs\Python\Python314\Lib\site-packages\fastapi\routing.py", line 2789, in handle
    await included_router._handle_selected(scope, receive, send)
  File "C:\Users\Elsalam 1\AppData\Local\Programs\Python\Python314\Lib\site-packages\fastapi\routing.py", line 1800, in _handle_selected
    await original_route.handle(scope, receive, send)
  File "C:\Users\Elsalam 1\AppData\Local\Programs\Python\Python314\Lib\site-packages\fastapi\routing.py", line 1279, in handle
    await app(scope, receive, send)
  File "C:\Users\Elsalam 1\AppData\Local\Programs\Python\Python314\Lib\site-packages\fastapi\routing.py", line 158, in app
    await wrap_app_handling_exceptions(app, request)(scope, receive, send)
  File "C:\Users\Elsalam 1\AppData\Local\Programs\Python\Python314\Lib\site-packages\starlette\_exception_handler.py", line 53, in wrapped_app
    raise exc
  File "C:\Users\Elsalam 1\AppData\Local\Programs\Python\Python314\Lib\site-packages\starlette\_exception_handler.py", line 42, in wrapped_app
    await app(scope, receive, sender)
  File "C:\Users\Elsalam 1\AppData\Local\Programs\Python\Python314\Lib\site-packages\fastapi\routing.py", line 144, in app
    response = await f(request)
               ^^^^^^^^^^^^^^^^
  File "C:\Users\Elsalam 1\AppData\Local\Programs\Python\Python314\Lib\site-packages\fastapi\routing.py", line 706, in app
    raw_response = await run_endpoint_function(
                   ^^^^^^^^^^^^^^^^^^^^^^^^^^^^
    ...<3 lines>...
    )
    ^
  File "C:\Users\Elsalam 1\AppData\Local\Programs\Python\Python314\Lib\site-packages\fastapi\routing.py", line 354, in run_endpoint_function
    return await run_in_threadpool(dependant.call, **values)
           ^^^^^^^^^^^^^^^^^^^^^^^^^^^^^^^^^^^^^^^^^^^^^^^^^
  File "C:\Users\Elsalam 1\AppData\Local\Programs\Python\Python314\Lib\site-packages\starlette\concurrency.py", line 34, in run_in_threadpool
    return await anyio.to_thread.run_sync(func)
           ^^^^^^^^^^^^^^^^^^^^^^^^^^^^^^^^^^^^
  File "C:\Users\Elsalam 1\AppData\Local\Programs\Python\Python314\Lib\site-packages\anyio\to_thread.py", line 65, in run_sync
    return await get_async_backend().run_sync_in_worker_thread(
           ^^^^^^^^^^^^^^^^^^^^^^^^^^^^^^^^^^^^^^^^^^^^^^^^^^^^
        func, args, abandon_on_cancel=abandon_on_cancel, limiter=limiter
        ^^^^^^^^^^^^^^^^^^^^^^^^^^^^^^^^^^^^^^^^^^^^^^^^^^^^^^^^^^^^^^^^
    )
    ^
  File "C:\Users\Elsalam 1\AppData\Local\Programs\Python\Python314\Lib\site-packages\anyio\_backends\_asyncio.py", line 2706, in run_sync_in_worker_thread
    return await future
           ^^^^^^^^^^^^
  File "C:\Users\Elsalam 1\AppData\Local\Programs\Python\Python314\Lib\site-packages\anyio\_backends\_asyncio.py", line 1100, in run
    result = context.run(func, *args)
  File "E:\Projects\excelence\backend\api\spreadsheet.py", line 320, in rename_column
    success = controller.rename_column(request.old_name, request.new_name)
  File "E:\Projects\excelence\backend\controller\controller.py", line 384, in rename_column
    return self.spreadsheet_service.rename_column(
           ~~~~~~~~~~~~~~~~~~~~~~~~~~~~~~~~~~~~~~^
        old_name,
        ^^^^^^^^^
        new_name,
        ^^^^^^^^^
    )
    ^
  File "E:\Projects\excelence\backend\services\spreadsheet_service.py", line 89, in rename_column
    return self._execute(command)
           ~~~~~~~~~~~~~^^^^^^^^^
  File "E:\Projects\excelence\backend\services\spreadsheet_service.py", line 33, in _execute
    return self.command_manager.execute(command)
           ~~~~~~~~~~~~~~~~~~~~~~~~~~~~^^^^^^^^^
  File "E:\Projects\excelence\backend\commands\manager.py", line 9, in execute
    result = command.execute()
  File "E:\Projects\excelence\backend\commands\spreadsheet\rename_column.py", line 17, in execute
    return self.document.rename_column(
           ~~~~~~~~~~~~~~~~~~~~~~~~~~~^
        self.old_name,
        ^^^^^^^^^^^^^^
        self.new_name
        ^^^^^^^^^^^^^
    )
    ^
  File "E:\Projects\excelence\backend\document\document.py", line 491, in rename_column
    success = self.spreadsheet.rename_column(old_name, new_name)
              ^^^^^^^^^^^^^^^^^^^^^^^^^^^^^^
AttributeError: 'Spreadsheet' object has no attribute 'rename_column'. Did you mean: 'delete_column'?
2026-09-21 10:58:01,910 - INFO - config - Using config file E:\Projects\excelence\backend\utils\config.json
2026-09-21 10:59:54,591 - INFO - document - Opened document test.xlsx
2026-09-21 11:00:09,292 - ERROR - main - Unhandled API error for /spreadsheet/columns/rename
Traceback (most recent call last):
  File "C:\Users\Elsalam 1\AppData\Local\Programs\Python\Python314\Lib\site-packages\starlette\middleware\errors.py", line 164, in __call__
    await self.app(scope, receive, _send)
  File "C:\Users\Elsalam 1\AppData\Local\Programs\Python\Python314\Lib\site-packages\starlette\middleware\cors.py", line 96, in __call__
    await self.simple_response(scope, receive, send, request_headers=headers)
  File "C:\Users\Elsalam 1\AppData\Local\Programs\Python\Python314\Lib\site-packages\starlette\middleware\cors.py", line 154, in simple_response
    await self.app(scope, receive, send)
  File "C:\Users\Elsalam 1\AppData\Local\Programs\Python\Python314\Lib\site-packages\starlette\middleware\exceptions.py", line 63, in __call__
    await wrap_app_handling_exceptions(self.app, conn)(scope, receive, send)
  File "C:\Users\Elsalam 1\AppData\Local\Programs\Python\Python314\Lib\site-packages\starlette\_exception_handler.py", line 53, in wrapped_app
    raise exc
  File "C:\Users\Elsalam 1\AppData\Local\Programs\Python\Python314\Lib\site-packages\starlette\_exception_handler.py", line 42, in wrapped_app
    await app(scope, receive, sender)
  File "C:\Users\Elsalam 1\AppData\Local\Programs\Python\Python314\Lib\site-packages\fastapi\middleware\asyncexitstack.py", line 18, in __call__
    await self.app(scope, receive, send)
  File "C:\Users\Elsalam 1\AppData\Local\Programs\Python\Python314\Lib\site-packages\starlette\routing.py", line 670, in __call__
    await self.middleware_stack(scope, receive, send)
  File "C:\Users\Elsalam 1\AppData\Local\Programs\Python\Python314\Lib\site-packages\fastapi\routing.py", line 2734, in app
    await route.handle(scope, receive, send)
  File "C:\Users\Elsalam 1\AppData\Local\Programs\Python\Python314\Lib\site-packages\fastapi\routing.py", line 1780, in handle
    await self.original_router.handle(scope, receive, send)
  File "C:\Users\Elsalam 1\AppData\Local\Programs\Python\Python314\Lib\site-packages\fastapi\routing.py", line 2789, in handle
    await included_router._handle_selected(scope, receive, send)
  File "C:\Users\Elsalam 1\AppData\Local\Programs\Python\Python314\Lib\site-packages\fastapi\routing.py", line 1800, in _handle_selected
    await original_route.handle(scope, receive, send)
  File "C:\Users\Elsalam 1\AppData\Local\Programs\Python\Python314\Lib\site-packages\fastapi\routing.py", line 1279, in handle
    await app(scope, receive, send)
  File "C:\Users\Elsalam 1\AppData\Local\Programs\Python\Python314\Lib\site-packages\fastapi\routing.py", line 158, in app
    await wrap_app_handling_exceptions(app, request)(scope, receive, send)
  File "C:\Users\Elsalam 1\AppData\Local\Programs\Python\Python314\Lib\site-packages\starlette\_exception_handler.py", line 53, in wrapped_app
    raise exc
  File "C:\Users\Elsalam 1\AppData\Local\Programs\Python\Python314\Lib\site-packages\starlette\_exception_handler.py", line 42, in wrapped_app
    await app(scope, receive, sender)
  File "C:\Users\Elsalam 1\AppData\Local\Programs\Python\Python314\Lib\site-packages\fastapi\routing.py", line 144, in app
    response = await f(request)
               ^^^^^^^^^^^^^^^^
  File "C:\Users\Elsalam 1\AppData\Local\Programs\Python\Python314\Lib\site-packages\fastapi\routing.py", line 706, in app
    raw_response = await run_endpoint_function(
                   ^^^^^^^^^^^^^^^^^^^^^^^^^^^^
    ...<3 lines>...
    )
    ^
  File "C:\Users\Elsalam 1\AppData\Local\Programs\Python\Python314\Lib\site-packages\fastapi\routing.py", line 354, in run_endpoint_function
    return await run_in_threadpool(dependant.call, **values)
           ^^^^^^^^^^^^^^^^^^^^^^^^^^^^^^^^^^^^^^^^^^^^^^^^^
  File "C:\Users\Elsalam 1\AppData\Local\Programs\Python\Python314\Lib\site-packages\starlette\concurrency.py", line 34, in run_in_threadpool
    return await anyio.to_thread.run_sync(func)
           ^^^^^^^^^^^^^^^^^^^^^^^^^^^^^^^^^^^^
  File "C:\Users\Elsalam 1\AppData\Local\Programs\Python\Python314\Lib\site-packages\anyio\to_thread.py", line 65, in run_sync
    return await get_async_backend().run_sync_in_worker_thread(
           ^^^^^^^^^^^^^^^^^^^^^^^^^^^^^^^^^^^^^^^^^^^^^^^^^^^^
        func, args, abandon_on_cancel=abandon_on_cancel, limiter=limiter
        ^^^^^^^^^^^^^^^^^^^^^^^^^^^^^^^^^^^^^^^^^^^^^^^^^^^^^^^^^^^^^^^^
    )
    ^
  File "C:\Users\Elsalam 1\AppData\Local\Programs\Python\Python314\Lib\site-packages\anyio\_backends\_asyncio.py", line 2706, in run_sync_in_worker_thread
    return await future
           ^^^^^^^^^^^^
  File "C:\Users\Elsalam 1\AppData\Local\Programs\Python\Python314\Lib\site-packages\anyio\_backends\_asyncio.py", line 1100, in run
    result = context.run(func, *args)
  File "E:\Projects\excelence\backend\api\spreadsheet.py", line 320, in rename_column
    success = controller.rename_column(request.old_name, request.new_name)
  File "E:\Projects\excelence\backend\controller\controller.py", line 384, in rename_column
    return self.spreadsheet_service.rename_column(
           ~~~~~~~~~~~~~~~~~~~~~~~~~~~~~~~~~~~~~~^
        old_name,
        ^^^^^^^^^
        new_name,
        ^^^^^^^^^
    )
    ^
  File "E:\Projects\excelence\backend\services\spreadsheet_service.py", line 89, in rename_column
    return self._execute(command)
           ~~~~~~~~~~~~~^^^^^^^^^
  File "E:\Projects\excelence\backend\services\spreadsheet_service.py", line 33, in _execute
    return self.command_manager.execute(command)
           ~~~~~~~~~~~~~~~~~~~~~~~~~~~~^^^^^^^^^
  File "E:\Projects\excelence\backend\commands\manager.py", line 9, in execute
    result = command.execute()
  File "E:\Projects\excelence\backend\commands\spreadsheet\rename_column.py", line 17, in execute
    return self.document.rename_column(
           ~~~~~~~~~~~~~~~~~~~~~~~~~~~^
        self.old_name,
        ^^^^^^^^^^^^^^
        self.new_name
        ^^^^^^^^^^^^^
    )
    ^
  File "E:\Projects\excelence\backend\document\document.py", line 491, in rename_column
    success = self.spreadsheet.rename_column(old_name, new_name)
              ^^^^^^^^^^^^^^^^^^^^^^^^^^^^^^
AttributeError: 'Spreadsheet' object has no attribute 'rename_column'. Did you mean: 'delete_column'?
2026-09-21 11:02:59,401 - INFO - config - Using config file E:\Projects\excelence\backend\utils\config.json
2026-09-21 11:05:22,645 - INFO - config - Using config file E:\Projects\excelence\backend\utils\config.json
2026-09-21 11:07:41,936 - INFO - document - Opened document test.xlsx
2026-09-21 11:07:50,114 - ERROR - main - Unhandled API error for /spreadsheet/columns/rename
Traceback (most recent call last):
  File "C:\Users\Elsalam 1\AppData\Local\Programs\Python\Python314\Lib\site-packages\starlette\middleware\errors.py", line 164, in __call__
    await self.app(scope, receive, _send)
  File "C:\Users\Elsalam 1\AppData\Local\Programs\Python\Python314\Lib\site-packages\starlette\middleware\cors.py", line 96, in __call__
    await self.simple_response(scope, receive, send, request_headers=headers)
  File "C:\Users\Elsalam 1\AppData\Local\Programs\Python\Python314\Lib\site-packages\starlette\middleware\cors.py", line 154, in simple_response
    await self.app(scope, receive, send)
  File "C:\Users\Elsalam 1\AppData\Local\Programs\Python\Python314\Lib\site-packages\starlette\middleware\exceptions.py", line 63, in __call__
    await wrap_app_handling_exceptions(self.app, conn)(scope, receive, send)
  File "C:\Users\Elsalam 1\AppData\Local\Programs\Python\Python314\Lib\site-packages\starlette\_exception_handler.py", line 53, in wrapped_app
    raise exc
  File "C:\Users\Elsalam 1\AppData\Local\Programs\Python\Python314\Lib\site-packages\starlette\_exception_handler.py", line 42, in wrapped_app
    await app(scope, receive, sender)
  File "C:\Users\Elsalam 1\AppData\Local\Programs\Python\Python314\Lib\site-packages\fastapi\middleware\asyncexitstack.py", line 18, in __call__
    await self.app(scope, receive, send)
  File "C:\Users\Elsalam 1\AppData\Local\Programs\Python\Python314\Lib\site-packages\starlette\routing.py", line 670, in __call__
    await self.middleware_stack(scope, receive, send)
  File "C:\Users\Elsalam 1\AppData\Local\Programs\Python\Python314\Lib\site-packages\fastapi\routing.py", line 2734, in app
    await route.handle(scope, receive, send)
  File "C:\Users\Elsalam 1\AppData\Local\Programs\Python\Python314\Lib\site-packages\fastapi\routing.py", line 1780, in handle
    await self.original_router.handle(scope, receive, send)
  File "C:\Users\Elsalam 1\AppData\Local\Programs\Python\Python314\Lib\site-packages\fastapi\routing.py", line 2789, in handle
    await included_router._handle_selected(scope, receive, send)
  File "C:\Users\Elsalam 1\AppData\Local\Programs\Python\Python314\Lib\site-packages\fastapi\routing.py", line 1800, in _handle_selected
    await original_route.handle(scope, receive, send)
  File "C:\Users\Elsalam 1\AppData\Local\Programs\Python\Python314\Lib\site-packages\fastapi\routing.py", line 1279, in handle
    await app(scope, receive, send)
  File "C:\Users\Elsalam 1\AppData\Local\Programs\Python\Python314\Lib\site-packages\fastapi\routing.py", line 158, in app
    await wrap_app_handling_exceptions(app, request)(scope, receive, send)
  File "C:\Users\Elsalam 1\AppData\Local\Programs\Python\Python314\Lib\site-packages\starlette\_exception_handler.py", line 53, in wrapped_app
    raise exc
  File "C:\Users\Elsalam 1\AppData\Local\Programs\Python\Python314\Lib\site-packages\starlette\_exception_handler.py", line 42, in wrapped_app
    await app(scope, receive, sender)
  File "C:\Users\Elsalam 1\AppData\Local\Programs\Python\Python314\Lib\site-packages\fastapi\routing.py", line 144, in app
    response = await f(request)
               ^^^^^^^^^^^^^^^^
  File "C:\Users\Elsalam 1\AppData\Local\Programs\Python\Python314\Lib\site-packages\fastapi\routing.py", line 706, in app
    raw_response = await run_endpoint_function(
                   ^^^^^^^^^^^^^^^^^^^^^^^^^^^^
    ...<3 lines>...
    )
    ^
  File "C:\Users\Elsalam 1\AppData\Local\Programs\Python\Python314\Lib\site-packages\fastapi\routing.py", line 354, in run_endpoint_function
    return await run_in_threadpool(dependant.call, **values)
           ^^^^^^^^^^^^^^^^^^^^^^^^^^^^^^^^^^^^^^^^^^^^^^^^^
  File "C:\Users\Elsalam 1\AppData\Local\Programs\Python\Python314\Lib\site-packages\starlette\concurrency.py", line 34, in run_in_threadpool
    return await anyio.to_thread.run_sync(func)
           ^^^^^^^^^^^^^^^^^^^^^^^^^^^^^^^^^^^^
  File "C:\Users\Elsalam 1\AppData\Local\Programs\Python\Python314\Lib\site-packages\anyio\to_thread.py", line 65, in run_sync
    return await get_async_backend().run_sync_in_worker_thread(
           ^^^^^^^^^^^^^^^^^^^^^^^^^^^^^^^^^^^^^^^^^^^^^^^^^^^^
        func, args, abandon_on_cancel=abandon_on_cancel, limiter=limiter
        ^^^^^^^^^^^^^^^^^^^^^^^^^^^^^^^^^^^^^^^^^^^^^^^^^^^^^^^^^^^^^^^^
    )
    ^
  File "C:\Users\Elsalam 1\AppData\Local\Programs\Python\Python314\Lib\site-packages\anyio\_backends\_asyncio.py", line 2706, in run_sync_in_worker_thread
    return await future
           ^^^^^^^^^^^^
  File "C:\Users\Elsalam 1\AppData\Local\Programs\Python\Python314\Lib\site-packages\anyio\_backends\_asyncio.py", line 1100, in run
    result = context.run(func, *args)
  File "E:\Projects\excelence\backend\api\spreadsheet.py", line 320, in rename_column
    success = controller.rename_column(request.old_name, request.new_name)
  File "E:\Projects\excelence\backend\controller\controller.py", line 384, in rename_column
    return self.spreadsheet_service.rename_column(
           ~~~~~~~~~~~~~~~~~~~~~~~~~~~~~~~~~~~~~~^
        old_name,
        ^^^^^^^^^
        new_name,
        ^^^^^^^^^
    )
    ^
  File "E:\Projects\excelence\backend\services\spreadsheet_service.py", line 89, in rename_column
    return self._execute(command)
           ~~~~~~~~~~~~~^^^^^^^^^
  File "E:\Projects\excelence\backend\services\spreadsheet_service.py", line 33, in _execute
    return self.command_manager.execute(command)
           ~~~~~~~~~~~~~~~~~~~~~~~~~~~~^^^^^^^^^
  File "E:\Projects\excelence\backend\commands\manager.py", line 9, in execute
    result = command.execute()
  File "E:\Projects\excelence\backend\commands\spreadsheet\rename_column.py", line 17, in execute
    return self.document.rename_column(
           ~~~~~~~~~~~~~~~~~~~~~~~~~~~^
        self.old_name,
        ^^^^^^^^^^^^^^
        self.new_name
        ^^^^^^^^^^^^^
    )
    ^
  File "E:\Projects\excelence\backend\document\document.py", line 491, in rename_column
    success = self.spreadsheet.rename_column(old_name, new_name)
              ^^^^^^^^^^^^^^^^^^^^^^^^^^^^^^
AttributeError: 'Spreadsheet' object has no attribute 'rename_column'. Did you mean: 'delete_column'?
2026-09-21 11:17:51,813 - INFO - config - Using config file E:\Projects\excelence\backend\utils\config.json
2026-09-21 11:19:37,567 - INFO - document - Opened document test.xlsx
2026-09-21 11:19:45,673 - ERROR - main - Unhandled API error for /spreadsheet/columns/rename
Traceback (most recent call last):
  File "C:\Users\Elsalam 1\AppData\Local\Programs\Python\Python314\Lib\site-packages\starlette\middleware\errors.py", line 164, in __call__
    await self.app(scope, receive, _send)
  File "C:\Users\Elsalam 1\AppData\Local\Programs\Python\Python314\Lib\site-packages\starlette\middleware\cors.py", line 96, in __call__
    await self.simple_response(scope, receive, send, request_headers=headers)
  File "C:\Users\Elsalam 1\AppData\Local\Programs\Python\Python314\Lib\site-packages\starlette\middleware\cors.py", line 154, in simple_response
    await self.app(scope, receive, send)
  File "C:\Users\Elsalam 1\AppData\Local\Programs\Python\Python314\Lib\site-packages\starlette\middleware\exceptions.py", line 63, in __call__
    await wrap_app_handling_exceptions(self.app, conn)(scope, receive, send)
  File "C:\Users\Elsalam 1\AppData\Local\Programs\Python\Python314\Lib\site-packages\starlette\_exception_handler.py", line 53, in wrapped_app
    raise exc
  File "C:\Users\Elsalam 1\AppData\Local\Programs\Python\Python314\Lib\site-packages\starlette\_exception_handler.py", line 42, in wrapped_app
    await app(scope, receive, sender)
  File "C:\Users\Elsalam 1\AppData\Local\Programs\Python\Python314\Lib\site-packages\fastapi\middleware\asyncexitstack.py", line 18, in __call__
    await self.app(scope, receive, send)
  File "C:\Users\Elsalam 1\AppData\Local\Programs\Python\Python314\Lib\site-packages\starlette\routing.py", line 670, in __call__
    await self.middleware_stack(scope, receive, send)
  File "C:\Users\Elsalam 1\AppData\Local\Programs\Python\Python314\Lib\site-packages\fastapi\routing.py", line 2734, in app
    await route.handle(scope, receive, send)
  File "C:\Users\Elsalam 1\AppData\Local\Programs\Python\Python314\Lib\site-packages\fastapi\routing.py", line 1780, in handle
    await self.original_router.handle(scope, receive, send)
  File "C:\Users\Elsalam 1\AppData\Local\Programs\Python\Python314\Lib\site-packages\fastapi\routing.py", line 2789, in handle
    await included_router._handle_selected(scope, receive, send)
  File "C:\Users\Elsalam 1\AppData\Local\Programs\Python\Python314\Lib\site-packages\fastapi\routing.py", line 1800, in _handle_selected
    await original_route.handle(scope, receive, send)
  File "C:\Users\Elsalam 1\AppData\Local\Programs\Python\Python314\Lib\site-packages\fastapi\routing.py", line 1279, in handle
    await app(scope, receive, send)
  File "C:\Users\Elsalam 1\AppData\Local\Programs\Python\Python314\Lib\site-packages\fastapi\routing.py", line 158, in app
    await wrap_app_handling_exceptions(app, request)(scope, receive, send)
  File "C:\Users\Elsalam 1\AppData\Local\Programs\Python\Python314\Lib\site-packages\starlette\_exception_handler.py", line 53, in wrapped_app
    raise exc
  File "C:\Users\Elsalam 1\AppData\Local\Programs\Python\Python314\Lib\site-packages\starlette\_exception_handler.py", line 42, in wrapped_app
    await app(scope, receive, sender)
  File "C:\Users\Elsalam 1\AppData\Local\Programs\Python\Python314\Lib\site-packages\fastapi\routing.py", line 144, in app
    response = await f(request)
               ^^^^^^^^^^^^^^^^
  File "C:\Users\Elsalam 1\AppData\Local\Programs\Python\Python314\Lib\site-packages\fastapi\routing.py", line 706, in app
    raw_response = await run_endpoint_function(
                   ^^^^^^^^^^^^^^^^^^^^^^^^^^^^
    ...<3 lines>...
    )
    ^
  File "C:\Users\Elsalam 1\AppData\Local\Programs\Python\Python314\Lib\site-packages\fastapi\routing.py", line 354, in run_endpoint_function
    return await run_in_threadpool(dependant.call, **values)
           ^^^^^^^^^^^^^^^^^^^^^^^^^^^^^^^^^^^^^^^^^^^^^^^^^
  File "C:\Users\Elsalam 1\AppData\Local\Programs\Python\Python314\Lib\site-packages\starlette\concurrency.py", line 34, in run_in_threadpool
    return await anyio.to_thread.run_sync(func)
           ^^^^^^^^^^^^^^^^^^^^^^^^^^^^^^^^^^^^
  File "C:\Users\Elsalam 1\AppData\Local\Programs\Python\Python314\Lib\site-packages\anyio\to_thread.py", line 65, in run_sync
    return await get_async_backend().run_sync_in_worker_thread(
           ^^^^^^^^^^^^^^^^^^^^^^^^^^^^^^^^^^^^^^^^^^^^^^^^^^^^
        func, args, abandon_on_cancel=abandon_on_cancel, limiter=limiter
        ^^^^^^^^^^^^^^^^^^^^^^^^^^^^^^^^^^^^^^^^^^^^^^^^^^^^^^^^^^^^^^^^
    )
    ^
  File "C:\Users\Elsalam 1\AppData\Local\Programs\Python\Python314\Lib\site-packages\anyio\_backends\_asyncio.py", line 2706, in run_sync_in_worker_thread
    return await future
           ^^^^^^^^^^^^
  File "C:\Users\Elsalam 1\AppData\Local\Programs\Python\Python314\Lib\site-packages\anyio\_backends\_asyncio.py", line 1100, in run
    result = context.run(func, *args)
  File "E:\Projects\excelence\backend\api\spreadsheet.py", line 320, in rename_column
    success = controller.rename_column(request.old_name, request.new_name)
  File "E:\Projects\excelence\backend\controller\controller.py", line 384, in rename_column
    return self.spreadsheet_service.rename_column(
           ~~~~~~~~~~~~~~~~~~~~~~~~~~~~~~~~~~~~~~^
        old_name,
        ^^^^^^^^^
        new_name,
        ^^^^^^^^^
    )
    ^
  File "E:\Projects\excelence\backend\services\spreadsheet_service.py", line 89, in rename_column
    return self._execute(command)
           ~~~~~~~~~~~~~^^^^^^^^^
  File "E:\Projects\excelence\backend\services\spreadsheet_service.py", line 33, in _execute
    return self.command_manager.execute(command)
           ~~~~~~~~~~~~~~~~~~~~~~~~~~~~^^^^^^^^^
  File "E:\Projects\excelence\backend\commands\manager.py", line 9, in execute
    result = command.execute()
  File "E:\Projects\excelence\backend\commands\spreadsheet\rename_column.py", line 17, in execute
    return self.document.rename_column(
           ~~~~~~~~~~~~~~~~~~~~~~~~~~~^
        self.old_name,
        ^^^^^^^^^^^^^^
        self.new_name
        ^^^^^^^^^^^^^
    )
    ^
  File "E:\Projects\excelence\backend\document\document.py", line 491, in rename_column
    success = self.spreadsheet.rename_column(old_name, new_name)
              ^^^^^^^^^^^^^^^^^^^^^^^^^^^^^^
AttributeError: 'Spreadsheet' object has no attribute 'rename_column'. Did you mean: 'delete_column'?
2026-09-21 11:25:37,974 - INFO - config - Using config file E:\Projects\excelence\backend\utils\config.json
2026-09-21 11:40:43,851 - INFO - config - Using config file E:\Projects\excelence\backend\utils\config.json
2026-09-21 11:47:47,161 - INFO - config - Using config file E:\Projects\excelence\backend\utils\config.json
2026-09-21 11:49:31,452 - INFO - document - Opened document test.xlsx
2026-09-21 12:32:15,502 - INFO - config - Using config file E:\Projects\excelence\backend\utils\config.json
2026-09-21 12:33:23,630 - INFO - config - Using config file E:\Projects\excelence\backend\utils\config.json
2026-09-21 12:33:43,943 - INFO - config - Using config file E:\Projects\excelence\backend\utils\config.json
2026-09-21 12:34:18,378 - INFO - config - Using config file E:\Projects\excelence\backend\utils\config.json
2026-09-21 12:35:15,247 - INFO - config - Using config file E:\Projects\excelence\backend\utils\config.json
2026-09-21 12:35:55,123 - INFO - config - Using config file E:\Projects\excelence\backend\utils\config.json
2026-09-21 12:36:04,464 - INFO - config - Using config file E:\Projects\excelence\backend\utils\config.json
2026-09-21 12:39:06,418 - INFO - config - Using config file E:\Projects\excelence\backend\utils\config.json
2026-09-21 12:39:26,036 - INFO - config - Using config file E:\Projects\excelence\backend\utils\config.json
2026-09-21 12:41:14,784 - WARNING - document - Failed to open workbook: test.xlsx
2026-09-21 13:07:17,166 - INFO - config - Using config file E:\Projects\excelence\backend\utils\config.json
2026-09-21 13:10:19,669 - INFO - document - Opened document test.xlsx
2026-09-21 19:16:01,552 - INFO - config - Using config file E:\Projects\excelence\backend\utils\config.json
2026-09-21 19:18:16,999 - INFO - document - Opened document test.xlsx
2026-09-21 19:21:29,032 - INFO - document - Opened document test.xlsx
2026-09-21 19:21:40,778 - ERROR - main - Unhandled API error for /documents/save
Traceback (most recent call last):
  File "C:\Users\Elsalam 1\AppData\Local\Programs\Python\Python314\Lib\site-packages\starlette\middleware\errors.py", line 164, in __call__
    await self.app(scope, receive, _send)
  File "C:\Users\Elsalam 1\AppData\Local\Programs\Python\Python314\Lib\site-packages\starlette\middleware\cors.py", line 96, in __call__
    await self.simple_response(scope, receive, send, request_headers=headers)
  File "C:\Users\Elsalam 1\AppData\Local\Programs\Python\Python314\Lib\site-packages\starlette\middleware\cors.py", line 154, in simple_response
    await self.app(scope, receive, send)
  File "C:\Users\Elsalam 1\AppData\Local\Programs\Python\Python314\Lib\site-packages\starlette\middleware\exceptions.py", line 63, in __call__
    await wrap_app_handling_exceptions(self.app, conn)(scope, receive, send)
  File "C:\Users\Elsalam 1\AppData\Local\Programs\Python\Python314\Lib\site-packages\starlette\_exception_handler.py", line 53, in wrapped_app
    raise exc
  File "C:\Users\Elsalam 1\AppData\Local\Programs\Python\Python314\Lib\site-packages\starlette\_exception_handler.py", line 42, in wrapped_app
    await app(scope, receive, sender)
  File "C:\Users\Elsalam 1\AppData\Local\Programs\Python\Python314\Lib\site-packages\fastapi\middleware\asyncexitstack.py", line 18, in __call__
    await self.app(scope, receive, send)
  File "C:\Users\Elsalam 1\AppData\Local\Programs\Python\Python314\Lib\site-packages\starlette\routing.py", line 670, in __call__
    await self.middleware_stack(scope, receive, send)
  File "C:\Users\Elsalam 1\AppData\Local\Programs\Python\Python314\Lib\site-packages\fastapi\routing.py", line 2734, in app
    await route.handle(scope, receive, send)
  File "C:\Users\Elsalam 1\AppData\Local\Programs\Python\Python314\Lib\site-packages\fastapi\routing.py", line 1780, in handle
    await self.original_router.handle(scope, receive, send)
  File "C:\Users\Elsalam 1\AppData\Local\Programs\Python\Python314\Lib\site-packages\fastapi\routing.py", line 2789, in handle
    await included_router._handle_selected(scope, receive, send)
  File "C:\Users\Elsalam 1\AppData\Local\Programs\Python\Python314\Lib\site-packages\fastapi\routing.py", line 1800, in _handle_selected
    await original_route.handle(scope, receive, send)
  File "C:\Users\Elsalam 1\AppData\Local\Programs\Python\Python314\Lib\site-packages\fastapi\routing.py", line 1279, in handle
    await app(scope, receive, send)
  File "C:\Users\Elsalam 1\AppData\Local\Programs\Python\Python314\Lib\site-packages\fastapi\routing.py", line 158, in app
    await wrap_app_handling_exceptions(app, request)(scope, receive, send)
  File "C:\Users\Elsalam 1\AppData\Local\Programs\Python\Python314\Lib\site-packages\starlette\_exception_handler.py", line 53, in wrapped_app
    raise exc
  File "C:\Users\Elsalam 1\AppData\Local\Programs\Python\Python314\Lib\site-packages\starlette\_exception_handler.py", line 42, in wrapped_app
    await app(scope, receive, sender)
  File "C:\Users\Elsalam 1\AppData\Local\Programs\Python\Python314\Lib\site-packages\fastapi\routing.py", line 144, in app
    response = await f(request)
               ^^^^^^^^^^^^^^^^
  File "C:\Users\Elsalam 1\AppData\Local\Programs\Python\Python314\Lib\site-packages\fastapi\routing.py", line 706, in app
    raw_response = await run_endpoint_function(
                   ^^^^^^^^^^^^^^^^^^^^^^^^^^^^
    ...<3 lines>...
    )
    ^
  File "C:\Users\Elsalam 1\AppData\Local\Programs\Python\Python314\Lib\site-packages\fastapi\routing.py", line 354, in run_endpoint_function
    return await run_in_threadpool(dependant.call, **values)
           ^^^^^^^^^^^^^^^^^^^^^^^^^^^^^^^^^^^^^^^^^^^^^^^^^
  File "C:\Users\Elsalam 1\AppData\Local\Programs\Python\Python314\Lib\site-packages\starlette\concurrency.py", line 34, in run_in_threadpool
    return await anyio.to_thread.run_sync(func)
           ^^^^^^^^^^^^^^^^^^^^^^^^^^^^^^^^^^^^
  File "C:\Users\Elsalam 1\AppData\Local\Programs\Python\Python314\Lib\site-packages\anyio\to_thread.py", line 65, in run_sync
    return await get_async_backend().run_sync_in_worker_thread(
           ^^^^^^^^^^^^^^^^^^^^^^^^^^^^^^^^^^^^^^^^^^^^^^^^^^^^
        func, args, abandon_on_cancel=abandon_on_cancel, limiter=limiter
        ^^^^^^^^^^^^^^^^^^^^^^^^^^^^^^^^^^^^^^^^^^^^^^^^^^^^^^^^^^^^^^^^
    )
    ^
  File "C:\Users\Elsalam 1\AppData\Local\Programs\Python\Python314\Lib\site-packages\anyio\_backends\_asyncio.py", line 2706, in run_sync_in_worker_thread
    return await future
           ^^^^^^^^^^^^
  File "C:\Users\Elsalam 1\AppData\Local\Programs\Python\Python314\Lib\site-packages\anyio\_backends\_asyncio.py", line 1100, in run
    result = context.run(func, *args)
  File "E:\Projects\excelence\backend\api\documents.py", line 146, in save_document
    success = controller.save_document()
  File "E:\Projects\excelence\backend\controller\controller.py", line 59, in save_document
    return self.document.save_local()
           ~~~~~~~~~~~~~~~~~~~~~~~~^^
  File "E:\Projects\excelence\backend\document\document.py", line 240, in save_local
    saved = self.storage.save(self.workbook, resolved)
  File "E:\Projects\excelence\backend\storage\excel_storage.py", line 71, in save
    os.replace(
    ~~~~~~~~~~^
        temp,
        ^^^^^
        filename
        ^^^^^^^^
    )
    ^
OSError: [WinError 17] The system cannot move the file to a different disk drive: 'C:\\Users\\ELSALA~1\\AppData\\Local\\Temp\\tmpl8blac0t.xlsx' -> 'E:\\Projects\\excelence\\backend\\utils\\data\\documents\\test.xlsx'
2026-09-22 09:27:35,709 - INFO - config - Using config file E:\Projects\excelence\backend\utils\config.json
2026-09-22 09:30:56,234 - INFO - config - Using config file E:\Projects\excelence\backend\utils\config.json
2026-09-22 09:33:05,110 - INFO - document - Opened document test.xlsx
2026-09-22 09:59:59,594 - INFO - document - Opened document test.xlsx
2026-09-22 10:11:55,392 - ERROR - main - Unhandled API error for /documents/upload
Traceback (most recent call last):
  File "C:\Users\Elsalam 1\AppData\Local\Programs\Python\Python314\Lib\site-packages\starlette\middleware\errors.py", line 164, in __call__
    await self.app(scope, receive, _send)
  File "C:\Users\Elsalam 1\AppData\Local\Programs\Python\Python314\Lib\site-packages\starlette\middleware\cors.py", line 96, in __call__
    await self.simple_response(scope, receive, send, request_headers=headers)
  File "C:\Users\Elsalam 1\AppData\Local\Programs\Python\Python314\Lib\site-packages\starlette\middleware\cors.py", line 154, in simple_response
    await self.app(scope, receive, send)
  File "C:\Users\Elsalam 1\AppData\Local\Programs\Python\Python314\Lib\site-packages\starlette\middleware\exceptions.py", line 63, in __call__
    await wrap_app_handling_exceptions(self.app, conn)(scope, receive, send)
  File "C:\Users\Elsalam 1\AppData\Local\Programs\Python\Python314\Lib\site-packages\starlette\_exception_handler.py", line 53, in wrapped_app
    raise exc
  File "C:\Users\Elsalam 1\AppData\Local\Programs\Python\Python314\Lib\site-packages\starlette\_exception_handler.py", line 42, in wrapped_app
    await app(scope, receive, sender)
  File "C:\Users\Elsalam 1\AppData\Local\Programs\Python\Python314\Lib\site-packages\fastapi\middleware\asyncexitstack.py", line 18, in __call__
    await self.app(scope, receive, send)
  File "C:\Users\Elsalam 1\AppData\Local\Programs\Python\Python314\Lib\site-packages\starlette\routing.py", line 670, in __call__
    await self.middleware_stack(scope, receive, send)
  File "C:\Users\Elsalam 1\AppData\Local\Programs\Python\Python314\Lib\site-packages\fastapi\routing.py", line 2734, in app
    await route.handle(scope, receive, send)
  File "C:\Users\Elsalam 1\AppData\Local\Programs\Python\Python314\Lib\site-packages\fastapi\routing.py", line 1780, in handle
    await self.original_router.handle(scope, receive, send)
  File "C:\Users\Elsalam 1\AppData\Local\Programs\Python\Python314\Lib\site-packages\fastapi\routing.py", line 2789, in handle
    await included_router._handle_selected(scope, receive, send)
  File "C:\Users\Elsalam 1\AppData\Local\Programs\Python\Python314\Lib\site-packages\fastapi\routing.py", line 1800, in _handle_selected
    await original_route.handle(scope, receive, send)
  File "C:\Users\Elsalam 1\AppData\Local\Programs\Python\Python314\Lib\site-packages\fastapi\routing.py", line 1279, in handle
    await app(scope, receive, send)
  File "C:\Users\Elsalam 1\AppData\Local\Programs\Python\Python314\Lib\site-packages\fastapi\routing.py", line 158, in app
    await wrap_app_handling_exceptions(app, request)(scope, receive, send)
  File "C:\Users\Elsalam 1\AppData\Local\Programs\Python\Python314\Lib\site-packages\starlette\_exception_handler.py", line 53, in wrapped_app
    raise exc
  File "C:\Users\Elsalam 1\AppData\Local\Programs\Python\Python314\Lib\site-packages\starlette\_exception_handler.py", line 42, in wrapped_app
    await app(scope, receive, sender)
  File "C:\Users\Elsalam 1\AppData\Local\Programs\Python\Python314\Lib\site-packages\fastapi\routing.py", line 144, in app
    response = await f(request)
               ^^^^^^^^^^^^^^^^
  File "C:\Users\Elsalam 1\AppData\Local\Programs\Python\Python314\Lib\site-packages\fastapi\routing.py", line 706, in app
    raw_response = await run_endpoint_function(
                   ^^^^^^^^^^^^^^^^^^^^^^^^^^^^
    ...<3 lines>...
    )
    ^
  File "C:\Users\Elsalam 1\AppData\Local\Programs\Python\Python314\Lib\site-packages\fastapi\routing.py", line 352, in run_endpoint_function
    return await dependant.call(**values)
           ^^^^^^^^^^^^^^^^^^^^^^^^^^^^^^
  File "E:\Projects\excelence\backend\api\documents.py", line 103, in upload_document
    success = controller.upload_document(
        file.filename or "",
        data,
    )
  File "E:\Projects\excelence\backend\controller\controller.py", line 63, in upload_document
    return self.document.upload(filename, data)
           ^^^^^^^^^^^^^^^^^^^^
AttributeError: 'Document' object has no attribute 'upload'. Did you mean: 'reload'?
2026-09-22 10:17:44,939 - INFO - config - Using config file E:\Projects\excelence\backend\utils\config.json
2026-09-22 10:19:38,371 - INFO - document - Opened document test.xlsx
2026-09-22 10:20:22,656 - ERROR - main - Unhandled API error for /documents/upload
Traceback (most recent call last):
  File "C:\Users\Elsalam 1\AppData\Local\Programs\Python\Python314\Lib\site-packages\starlette\middleware\errors.py", line 164, in __call__
    await self.app(scope, receive, _send)
  File "C:\Users\Elsalam 1\AppData\Local\Programs\Python\Python314\Lib\site-packages\starlette\middleware\cors.py", line 96, in __call__
    await self.simple_response(scope, receive, send, request_headers=headers)
  File "C:\Users\Elsalam 1\AppData\Local\Programs\Python\Python314\Lib\site-packages\starlette\middleware\cors.py", line 154, in simple_response
    await self.app(scope, receive, send)
  File "C:\Users\Elsalam 1\AppData\Local\Programs\Python\Python314\Lib\site-packages\starlette\middleware\exceptions.py", line 63, in __call__
    await wrap_app_handling_exceptions(self.app, conn)(scope, receive, send)
  File "C:\Users\Elsalam 1\AppData\Local\Programs\Python\Python314\Lib\site-packages\starlette\_exception_handler.py", line 53, in wrapped_app
    raise exc
  File "C:\Users\Elsalam 1\AppData\Local\Programs\Python\Python314\Lib\site-packages\starlette\_exception_handler.py", line 42, in wrapped_app
    await app(scope, receive, sender)
  File "C:\Users\Elsalam 1\AppData\Local\Programs\Python\Python314\Lib\site-packages\fastapi\middleware\asyncexitstack.py", line 18, in __call__
    await self.app(scope, receive, send)
  File "C:\Users\Elsalam 1\AppData\Local\Programs\Python\Python314\Lib\site-packages\starlette\routing.py", line 670, in __call__
    await self.middleware_stack(scope, receive, send)
  File "C:\Users\Elsalam 1\AppData\Local\Programs\Python\Python314\Lib\site-packages\fastapi\routing.py", line 2734, in app
    await route.handle(scope, receive, send)
  File "C:\Users\Elsalam 1\AppData\Local\Programs\Python\Python314\Lib\site-packages\fastapi\routing.py", line 1780, in handle
    await self.original_router.handle(scope, receive, send)
  File "C:\Users\Elsalam 1\AppData\Local\Programs\Python\Python314\Lib\site-packages\fastapi\routing.py", line 2789, in handle
    await included_router._handle_selected(scope, receive, send)
  File "C:\Users\Elsalam 1\AppData\Local\Programs\Python\Python314\Lib\site-packages\fastapi\routing.py", line 1800, in _handle_selected
    await original_route.handle(scope, receive, send)
  File "C:\Users\Elsalam 1\AppData\Local\Programs\Python\Python314\Lib\site-packages\fastapi\routing.py", line 1279, in handle
    await app(scope, receive, send)
  File "C:\Users\Elsalam 1\AppData\Local\Programs\Python\Python314\Lib\site-packages\fastapi\routing.py", line 158, in app
    await wrap_app_handling_exceptions(app, request)(scope, receive, send)
  File "C:\Users\Elsalam 1\AppData\Local\Programs\Python\Python314\Lib\site-packages\starlette\_exception_handler.py", line 53, in wrapped_app
    raise exc
  File "C:\Users\Elsalam 1\AppData\Local\Programs\Python\Python314\Lib\site-packages\starlette\_exception_handler.py", line 42, in wrapped_app
    await app(scope, receive, sender)
  File "C:\Users\Elsalam 1\AppData\Local\Programs\Python\Python314\Lib\site-packages\fastapi\routing.py", line 144, in app
    response = await f(request)
               ^^^^^^^^^^^^^^^^
  File "C:\Users\Elsalam 1\AppData\Local\Programs\Python\Python314\Lib\site-packages\fastapi\routing.py", line 706, in app
    raw_response = await run_endpoint_function(
                   ^^^^^^^^^^^^^^^^^^^^^^^^^^^^
    ...<3 lines>...
    )
    ^
  File "C:\Users\Elsalam 1\AppData\Local\Programs\Python\Python314\Lib\site-packages\fastapi\routing.py", line 352, in run_endpoint_function
    return await dependant.call(**values)
           ^^^^^^^^^^^^^^^^^^^^^^^^^^^^^^
  File "E:\Projects\excelence\backend\api\documents.py", line 103, in upload_document
    success = controller.upload_document(
        file.filename or "",
        data,
    )
  File "E:\Projects\excelence\backend\controller\controller.py", line 63, in upload_document
    return self.document.upload(filename, data)
           ~~~~~~~~~~~~~~~~~~~~^^^^^^^^^^^^^^^^
  File "E:\Projects\excelence\backend\document\document.py", line 162, in upload
    written = self.storage.write_bytes(data, resolved)
              ^^^^^^^^^^^^^^^^^^^^^^^^
AttributeError: 'ExcelStorage' object has no attribute 'write_bytes'. Did you mean: 'write_sheet'?
2026-09-22 10:21:55,115 - INFO - config - Using config file E:\Projects\excelence\backend\utils\config.json
2026-09-22 10:22:22,779 - WARNING - document - Failed to write uploaded document نسخ احتياطي للفهرس - Copy.xlsx
2026-09-22 10:22:48,924 - INFO - config - Using config file E:\Projects\excelence\backend\utils\config.json
2026-09-22 10:24:45,545 - INFO - document - Opened document test.xlsx
2026-09-22 10:24:56,324 - WARNING - document - Failed to write uploaded document نسخ احتياطي للفهرس - Copy.xlsx
2026-09-22 10:27:45,830 - INFO - config - Using config file E:\Projects\excelence\backend\utils\config.json
2026-09-22 10:28:40,917 - INFO - document - Uploaded document نسخ احتياطي للفهرس - Copy.xlsx
2026-09-22 10:28:46,478 - INFO - document - Opened document نسخ احتياطي للفهرس - Copy.xlsx
2026-09-22 10:37:14,047 - INFO - document - Opened document test.xlsx
2026-09-22 15:14:10,940 - INFO - document - Opened document test.xlsx
2026-09-22 15:16:21,033 - INFO - document - Opened document نسخ احتياطي للفهرس - Copy.xlsx
2026-09-22 18:34:21,581 - INFO - config - Using config file E:\Projects\excelence\backend\utils\config.json
2026-09-22 18:40:51,614 - INFO - document - Opened document test.xlsx
2026-09-22 18:41:14,877 - INFO - document - Opened document نسخ احتياطي للفهرس - Copy.xlsx
2026-09-22 18:41:49,298 - ERROR - main - Unhandled API error for /spreadsheet/sort
Traceback (most recent call last):
  File "C:\Users\Elsalam 1\AppData\Local\Programs\Python\Python314\Lib\site-packages\starlette\middleware\errors.py", line 164, in __call__
    await self.app(scope, receive, _send)
  File "C:\Users\Elsalam 1\AppData\Local\Programs\Python\Python314\Lib\site-packages\starlette\middleware\cors.py", line 96, in __call__
    await self.simple_response(scope, receive, send, request_headers=headers)
  File "C:\Users\Elsalam 1\AppData\Local\Programs\Python\Python314\Lib\site-packages\starlette\middleware\cors.py", line 154, in simple_response
    await self.app(scope, receive, send)
  File "C:\Users\Elsalam 1\AppData\Local\Programs\Python\Python314\Lib\site-packages\starlette\middleware\exceptions.py", line 63, in __call__
    await wrap_app_handling_exceptions(self.app, conn)(scope, receive, send)
  File "C:\Users\Elsalam 1\AppData\Local\Programs\Python\Python314\Lib\site-packages\starlette\_exception_handler.py", line 53, in wrapped_app
    raise exc
  File "C:\Users\Elsalam 1\AppData\Local\Programs\Python\Python314\Lib\site-packages\starlette\_exception_handler.py", line 42, in wrapped_app
    await app(scope, receive, sender)
  File "C:\Users\Elsalam 1\AppData\Local\Programs\Python\Python314\Lib\site-packages\fastapi\middleware\asyncexitstack.py", line 18, in __call__
    await self.app(scope, receive, send)
  File "C:\Users\Elsalam 1\AppData\Local\Programs\Python\Python314\Lib\site-packages\starlette\routing.py", line 670, in __call__
    await self.middleware_stack(scope, receive, send)
  File "C:\Users\Elsalam 1\AppData\Local\Programs\Python\Python314\Lib\site-packages\fastapi\routing.py", line 2734, in app
    await route.handle(scope, receive, send)
  File "C:\Users\Elsalam 1\AppData\Local\Programs\Python\Python314\Lib\site-packages\fastapi\routing.py", line 1780, in handle
    await self.original_router.handle(scope, receive, send)
  File "C:\Users\Elsalam 1\AppData\Local\Programs\Python\Python314\Lib\site-packages\fastapi\routing.py", line 2789, in handle
    await included_router._handle_selected(scope, receive, send)
  File "C:\Users\Elsalam 1\AppData\Local\Programs\Python\Python314\Lib\site-packages\fastapi\routing.py", line 1800, in _handle_selected
    await original_route.handle(scope, receive, send)
  File "C:\Users\Elsalam 1\AppData\Local\Programs\Python\Python314\Lib\site-packages\fastapi\routing.py", line 1279, in handle
    await app(scope, receive, send)
  File "C:\Users\Elsalam 1\AppData\Local\Programs\Python\Python314\Lib\site-packages\fastapi\routing.py", line 158, in app
    await wrap_app_handling_exceptions(app, request)(scope, receive, send)
  File "C:\Users\Elsalam 1\AppData\Local\Programs\Python\Python314\Lib\site-packages\starlette\_exception_handler.py", line 53, in wrapped_app
    raise exc
  File "C:\Users\Elsalam 1\AppData\Local\Programs\Python\Python314\Lib\site-packages\starlette\_exception_handler.py", line 42, in wrapped_app
    await app(scope, receive, sender)
  File "C:\Users\Elsalam 1\AppData\Local\Programs\Python\Python314\Lib\site-packages\fastapi\routing.py", line 144, in app
    response = await f(request)
               ^^^^^^^^^^^^^^^^
  File "C:\Users\Elsalam 1\AppData\Local\Programs\Python\Python314\Lib\site-packages\fastapi\routing.py", line 706, in app
    raw_response = await run_endpoint_function(
                   ^^^^^^^^^^^^^^^^^^^^^^^^^^^^
    ...<3 lines>...
    )
    ^
  File "C:\Users\Elsalam 1\AppData\Local\Programs\Python\Python314\Lib\site-packages\fastapi\routing.py", line 354, in run_endpoint_function
    return await run_in_threadpool(dependant.call, **values)
           ^^^^^^^^^^^^^^^^^^^^^^^^^^^^^^^^^^^^^^^^^^^^^^^^^
  File "C:\Users\Elsalam 1\AppData\Local\Programs\Python\Python314\Lib\site-packages\starlette\concurrency.py", line 34, in run_in_threadpool
    return await anyio.to_thread.run_sync(func)
           ^^^^^^^^^^^^^^^^^^^^^^^^^^^^^^^^^^^^
  File "C:\Users\Elsalam 1\AppData\Local\Programs\Python\Python314\Lib\site-packages\anyio\to_thread.py", line 65, in run_sync
    return await get_async_backend().run_sync_in_worker_thread(
           ^^^^^^^^^^^^^^^^^^^^^^^^^^^^^^^^^^^^^^^^^^^^^^^^^^^^
        func, args, abandon_on_cancel=abandon_on_cancel, limiter=limiter
        ^^^^^^^^^^^^^^^^^^^^^^^^^^^^^^^^^^^^^^^^^^^^^^^^^^^^^^^^^^^^^^^^
    )
    ^
  File "C:\Users\Elsalam 1\AppData\Local\Programs\Python\Python314\Lib\site-packages\anyio\_backends\_asyncio.py", line 2706, in run_sync_in_worker_thread
    return await future
           ^^^^^^^^^^^^
  File "C:\Users\Elsalam 1\AppData\Local\Programs\Python\Python314\Lib\site-packages\anyio\_backends\_asyncio.py", line 1100, in run
    result = context.run(func, *args)
  File "E:\Projects\excelence\backend\api\spreadsheet.py", line 167, in sort
    success = controller.sort(rules)
  File "E:\Projects\excelence\backend\controller\controller.py", line 181, in sort
    return self.spreadsheet_service.sort(sort_rules)
           ~~~~~~~~~~~~~~~~~~~~~~~~~~~~~^^^^^^^^^^^^
  File "E:\Projects\excelence\backend\services\spreadsheet_service.py", line 112, in sort
    return self._execute(command)
           ~~~~~~~~~~~~~^^^^^^^^^
  File "E:\Projects\excelence\backend\services\spreadsheet_service.py", line 33, in _execute
    return self.command_manager.execute(command)
           ~~~~~~~~~~~~~~~~~~~~~~~~~~~~^^^^^^^^^
  File "E:\Projects\excelence\backend\commands\manager.py", line 9, in execute
    result = command.execute()
  File "E:\Projects\excelence\backend\commands\spreadsheet\sort.py", line 20, in execute
    return self.document.sort(
           ~~~~~~~~~~~~~~~~~~^
        self.rules
        ^^^^^^^^^^
    )
    ^
  File "E:\Projects\excelence\backend\document\document.py", line 359, in sort
    success = self.spreadsheet.sort(self.sort_rules, reapply=reapply)
  File "E:\Projects\excelence\backend\models\spreadsheet.py", line 133, in sort
    return sheet.sort(rules, reapply=reapply)
           ~~~~~~~~~~^^^^^^^^^^^^^^^^^^^^^^^^
  File "E:\Projects\excelence\backend\models\sheet.py", line 124, in sort
    self.active_view = self.sort_service.sort(self.active_view, self.sort_rules)
                       ~~~~~~~~~~~~~~~~~~~~~~^^^^^^^^^^^^^^^^^^^^^^^^^^^^^^^^^^^
  File "E:\Projects\excelence\backend\services\sort_service.py", line 38, in sort
    return dataframe.sort_values(
           ~~~~~~~~~~~~~~~~~~~~~^
        by=columns,
        ^^^^^^^^^^^
        ascending=ascending,
        ^^^^^^^^^^^^^^^^^^^^
        kind="stable"
        ^^^^^^^^^^^^^
    ).reset_index(drop=True)
    ^
  File "C:\Users\Elsalam 1\AppData\Local\Programs\Python\Python314\Lib\site-packages\pandas\core\frame.py", line 8372, in sort_values
    indexer = nargsort(
        k, kind=kind, ascending=ascending, na_position=na_position, key=key
    )
  File "C:\Users\Elsalam 1\AppData\Local\Programs\Python\Python314\Lib\site-packages\pandas\core\sorting.py", line 442, in nargsort
    indexer = non_nan_idx[non_nans.argsort(kind=kind)]
                          ~~~~~~~~~~~~~~~~^^^^^^^^^^^
TypeError: '<' not supported between instances of 'str' and 'int'
2026-09-22 18:41:53,247 - ERROR - main - Unhandled API error for /spreadsheet/sort
Traceback (most recent call last):
  File "C:\Users\Elsalam 1\AppData\Local\Programs\Python\Python314\Lib\site-packages\starlette\middleware\errors.py", line 164, in __call__
    await self.app(scope, receive, _send)
  File "C:\Users\Elsalam 1\AppData\Local\Programs\Python\Python314\Lib\site-packages\starlette\middleware\cors.py", line 96, in __call__
    await self.simple_response(scope, receive, send, request_headers=headers)
  File "C:\Users\Elsalam 1\AppData\Local\Programs\Python\Python314\Lib\site-packages\starlette\middleware\cors.py", line 154, in simple_response
    await self.app(scope, receive, send)
  File "C:\Users\Elsalam 1\AppData\Local\Programs\Python\Python314\Lib\site-packages\starlette\middleware\exceptions.py", line 63, in __call__
    await wrap_app_handling_exceptions(self.app, conn)(scope, receive, send)
  File "C:\Users\Elsalam 1\AppData\Local\Programs\Python\Python314\Lib\site-packages\starlette\_exception_handler.py", line 53, in wrapped_app
    raise exc
  File "C:\Users\Elsalam 1\AppData\Local\Programs\Python\Python314\Lib\site-packages\starlette\_exception_handler.py", line 42, in wrapped_app
    await app(scope, receive, sender)
  File "C:\Users\Elsalam 1\AppData\Local\Programs\Python\Python314\Lib\site-packages\fastapi\middleware\asyncexitstack.py", line 18, in __call__
    await self.app(scope, receive, send)
  File "C:\Users\Elsalam 1\AppData\Local\Programs\Python\Python314\Lib\site-packages\starlette\routing.py", line 670, in __call__
    await self.middleware_stack(scope, receive, send)
  File "C:\Users\Elsalam 1\AppData\Local\Programs\Python\Python314\Lib\site-packages\fastapi\routing.py", line 2734, in app
    await route.handle(scope, receive, send)
  File "C:\Users\Elsalam 1\AppData\Local\Programs\Python\Python314\Lib\site-packages\fastapi\routing.py", line 1780, in handle
    await self.original_router.handle(scope, receive, send)
  File "C:\Users\Elsalam 1\AppData\Local\Programs\Python\Python314\Lib\site-packages\fastapi\routing.py", line 2789, in handle
    await included_router._handle_selected(scope, receive, send)
  File "C:\Users\Elsalam 1\AppData\Local\Programs\Python\Python314\Lib\site-packages\fastapi\routing.py", line 1800, in _handle_selected
    await original_route.handle(scope, receive, send)
  File "C:\Users\Elsalam 1\AppData\Local\Programs\Python\Python314\Lib\site-packages\fastapi\routing.py", line 1279, in handle
    await app(scope, receive, send)
  File "C:\Users\Elsalam 1\AppData\Local\Programs\Python\Python314\Lib\site-packages\fastapi\routing.py", line 158, in app
    await wrap_app_handling_exceptions(app, request)(scope, receive, send)
  File "C:\Users\Elsalam 1\AppData\Local\Programs\Python\Python314\Lib\site-packages\starlette\_exception_handler.py", line 53, in wrapped_app
    raise exc
  File "C:\Users\Elsalam 1\AppData\Local\Programs\Python\Python314\Lib\site-packages\starlette\_exception_handler.py", line 42, in wrapped_app
    await app(scope, receive, sender)
  File "C:\Users\Elsalam 1\AppData\Local\Programs\Python\Python314\Lib\site-packages\fastapi\routing.py", line 144, in app
    response = await f(request)
               ^^^^^^^^^^^^^^^^
  File "C:\Users\Elsalam 1\AppData\Local\Programs\Python\Python314\Lib\site-packages\fastapi\routing.py", line 706, in app
    raw_response = await run_endpoint_function(
                   ^^^^^^^^^^^^^^^^^^^^^^^^^^^^
    ...<3 lines>...
    )
    ^
  File "C:\Users\Elsalam 1\AppData\Local\Programs\Python\Python314\Lib\site-packages\fastapi\routing.py", line 354, in run_endpoint_function
    return await run_in_threadpool(dependant.call, **values)
           ^^^^^^^^^^^^^^^^^^^^^^^^^^^^^^^^^^^^^^^^^^^^^^^^^
  File "C:\Users\Elsalam 1\AppData\Local\Programs\Python\Python314\Lib\site-packages\starlette\concurrency.py", line 34, in run_in_threadpool
    return await anyio.to_thread.run_sync(func)
           ^^^^^^^^^^^^^^^^^^^^^^^^^^^^^^^^^^^^
  File "C:\Users\Elsalam 1\AppData\Local\Programs\Python\Python314\Lib\site-packages\anyio\to_thread.py", line 65, in run_sync
    return await get_async_backend().run_sync_in_worker_thread(
           ^^^^^^^^^^^^^^^^^^^^^^^^^^^^^^^^^^^^^^^^^^^^^^^^^^^^
        func, args, abandon_on_cancel=abandon_on_cancel, limiter=limiter
        ^^^^^^^^^^^^^^^^^^^^^^^^^^^^^^^^^^^^^^^^^^^^^^^^^^^^^^^^^^^^^^^^
    )
    ^
  File "C:\Users\Elsalam 1\AppData\Local\Programs\Python\Python314\Lib\site-packages\anyio\_backends\_asyncio.py", line 2706, in run_sync_in_worker_thread
    return await future
           ^^^^^^^^^^^^
  File "C:\Users\Elsalam 1\AppData\Local\Programs\Python\Python314\Lib\site-packages\anyio\_backends\_asyncio.py", line 1100, in run
    result = context.run(func, *args)
  File "E:\Projects\excelence\backend\api\spreadsheet.py", line 167, in sort
    success = controller.sort(rules)
  File "E:\Projects\excelence\backend\controller\controller.py", line 181, in sort
    return self.spreadsheet_service.sort(sort_rules)
           ~~~~~~~~~~~~~~~~~~~~~~~~~~~~~^^^^^^^^^^^^
  File "E:\Projects\excelence\backend\services\spreadsheet_service.py", line 112, in sort
    return self._execute(command)
           ~~~~~~~~~~~~~^^^^^^^^^
  File "E:\Projects\excelence\backend\services\spreadsheet_service.py", line 33, in _execute
    return self.command_manager.execute(command)
           ~~~~~~~~~~~~~~~~~~~~~~~~~~~~^^^^^^^^^
  File "E:\Projects\excelence\backend\commands\manager.py", line 9, in execute
    result = command.execute()
  File "E:\Projects\excelence\backend\commands\spreadsheet\sort.py", line 20, in execute
    return self.document.sort(
           ~~~~~~~~~~~~~~~~~~^
        self.rules
        ^^^^^^^^^^
    )
    ^
  File "E:\Projects\excelence\backend\document\document.py", line 359, in sort
    success = self.spreadsheet.sort(self.sort_rules, reapply=reapply)
  File "E:\Projects\excelence\backend\models\spreadsheet.py", line 133, in sort
    return sheet.sort(rules, reapply=reapply)
           ~~~~~~~~~~^^^^^^^^^^^^^^^^^^^^^^^^
  File "E:\Projects\excelence\backend\models\sheet.py", line 124, in sort
    self.active_view = self.sort_service.sort(self.active_view, self.sort_rules)
                       ~~~~~~~~~~~~~~~~~~~~~~^^^^^^^^^^^^^^^^^^^^^^^^^^^^^^^^^^^
  File "E:\Projects\excelence\backend\services\sort_service.py", line 38, in sort
    return dataframe.sort_values(
           ~~~~~~~~~~~~~~~~~~~~~^
        by=columns,
        ^^^^^^^^^^^
        ascending=ascending,
        ^^^^^^^^^^^^^^^^^^^^
        kind="stable"
        ^^^^^^^^^^^^^
    ).reset_index(drop=True)
    ^
  File "C:\Users\Elsalam 1\AppData\Local\Programs\Python\Python314\Lib\site-packages\pandas\core\frame.py", line 8372, in sort_values
    indexer = nargsort(
        k, kind=kind, ascending=ascending, na_position=na_position, key=key
    )
  File "C:\Users\Elsalam 1\AppData\Local\Programs\Python\Python314\Lib\site-packages\pandas\core\sorting.py", line 442, in nargsort
    indexer = non_nan_idx[non_nans.argsort(kind=kind)]
                          ~~~~~~~~~~~~~~~~^^^^^^^^^^^
TypeError: '<' not supported between instances of 'str' and 'int'
2026-09-22 18:42:16,836 - ERROR - main - Unhandled API error for /spreadsheet/sort
Traceback (most recent call last):
  File "C:\Users\Elsalam 1\AppData\Local\Programs\Python\Python314\Lib\site-packages\starlette\middleware\errors.py", line 164, in __call__
    await self.app(scope, receive, _send)
  File "C:\Users\Elsalam 1\AppData\Local\Programs\Python\Python314\Lib\site-packages\starlette\middleware\cors.py", line 96, in __call__
    await self.simple_response(scope, receive, send, request_headers=headers)
  File "C:\Users\Elsalam 1\AppData\Local\Programs\Python\Python314\Lib\site-packages\starlette\middleware\cors.py", line 154, in simple_response
    await self.app(scope, receive, send)
  File "C:\Users\Elsalam 1\AppData\Local\Programs\Python\Python314\Lib\site-packages\starlette\middleware\exceptions.py", line 63, in __call__
    await wrap_app_handling_exceptions(self.app, conn)(scope, receive, send)
  File "C:\Users\Elsalam 1\AppData\Local\Programs\Python\Python314\Lib\site-packages\starlette\_exception_handler.py", line 53, in wrapped_app
    raise exc
  File "C:\Users\Elsalam 1\AppData\Local\Programs\Python\Python314\Lib\site-packages\starlette\_exception_handler.py", line 42, in wrapped_app
    await app(scope, receive, sender)
  File "C:\Users\Elsalam 1\AppData\Local\Programs\Python\Python314\Lib\site-packages\fastapi\middleware\asyncexitstack.py", line 18, in __call__
    await self.app(scope, receive, send)
  File "C:\Users\Elsalam 1\AppData\Local\Programs\Python\Python314\Lib\site-packages\starlette\routing.py", line 670, in __call__
    await self.middleware_stack(scope, receive, send)
  File "C:\Users\Elsalam 1\AppData\Local\Programs\Python\Python314\Lib\site-packages\fastapi\routing.py", line 2734, in app
    await route.handle(scope, receive, send)
  File "C:\Users\Elsalam 1\AppData\Local\Programs\Python\Python314\Lib\site-packages\fastapi\routing.py", line 1780, in handle
    await self.original_router.handle(scope, receive, send)
  File "C:\Users\Elsalam 1\AppData\Local\Programs\Python\Python314\Lib\site-packages\fastapi\routing.py", line 2789, in handle
    await included_router._handle_selected(scope, receive, send)
  File "C:\Users\Elsalam 1\AppData\Local\Programs\Python\Python314\Lib\site-packages\fastapi\routing.py", line 1800, in _handle_selected
    await original_route.handle(scope, receive, send)
  File "C:\Users\Elsalam 1\AppData\Local\Programs\Python\Python314\Lib\site-packages\fastapi\routing.py", line 1279, in handle
    await app(scope, receive, send)
  File "C:\Users\Elsalam 1\AppData\Local\Programs\Python\Python314\Lib\site-packages\fastapi\routing.py", line 158, in app
    await wrap_app_handling_exceptions(app, request)(scope, receive, send)
  File "C:\Users\Elsalam 1\AppData\Local\Programs\Python\Python314\Lib\site-packages\starlette\_exception_handler.py", line 53, in wrapped_app
    raise exc
  File "C:\Users\Elsalam 1\AppData\Local\Programs\Python\Python314\Lib\site-packages\starlette\_exception_handler.py", line 42, in wrapped_app
    await app(scope, receive, sender)
  File "C:\Users\Elsalam 1\AppData\Local\Programs\Python\Python314\Lib\site-packages\fastapi\routing.py", line 144, in app
    response = await f(request)
               ^^^^^^^^^^^^^^^^
  File "C:\Users\Elsalam 1\AppData\Local\Programs\Python\Python314\Lib\site-packages\fastapi\routing.py", line 706, in app
    raw_response = await run_endpoint_function(
                   ^^^^^^^^^^^^^^^^^^^^^^^^^^^^
    ...<3 lines>...
    )
    ^
  File "C:\Users\Elsalam 1\AppData\Local\Programs\Python\Python314\Lib\site-packages\fastapi\routing.py", line 354, in run_endpoint_function
    return await run_in_threadpool(dependant.call, **values)
           ^^^^^^^^^^^^^^^^^^^^^^^^^^^^^^^^^^^^^^^^^^^^^^^^^
  File "C:\Users\Elsalam 1\AppData\Local\Programs\Python\Python314\Lib\site-packages\starlette\concurrency.py", line 34, in run_in_threadpool
    return await anyio.to_thread.run_sync(func)
           ^^^^^^^^^^^^^^^^^^^^^^^^^^^^^^^^^^^^
  File "C:\Users\Elsalam 1\AppData\Local\Programs\Python\Python314\Lib\site-packages\anyio\to_thread.py", line 65, in run_sync
    return await get_async_backend().run_sync_in_worker_thread(
           ^^^^^^^^^^^^^^^^^^^^^^^^^^^^^^^^^^^^^^^^^^^^^^^^^^^^
        func, args, abandon_on_cancel=abandon_on_cancel, limiter=limiter
        ^^^^^^^^^^^^^^^^^^^^^^^^^^^^^^^^^^^^^^^^^^^^^^^^^^^^^^^^^^^^^^^^
    )
    ^
  File "C:\Users\Elsalam 1\AppData\Local\Programs\Python\Python314\Lib\site-packages\anyio\_backends\_asyncio.py", line 2706, in run_sync_in_worker_thread
    return await future
           ^^^^^^^^^^^^
  File "C:\Users\Elsalam 1\AppData\Local\Programs\Python\Python314\Lib\site-packages\anyio\_backends\_asyncio.py", line 1100, in run
    result = context.run(func, *args)
  File "E:\Projects\excelence\backend\api\spreadsheet.py", line 167, in sort
    success = controller.sort(rules)
  File "E:\Projects\excelence\backend\controller\controller.py", line 181, in sort
    return self.spreadsheet_service.sort(sort_rules)
           ~~~~~~~~~~~~~~~~~~~~~~~~~~~~~^^^^^^^^^^^^
  File "E:\Projects\excelence\backend\services\spreadsheet_service.py", line 112, in sort
    return self._execute(command)
           ~~~~~~~~~~~~~^^^^^^^^^
  File "E:\Projects\excelence\backend\services\spreadsheet_service.py", line 33, in _execute
    return self.command_manager.execute(command)
           ~~~~~~~~~~~~~~~~~~~~~~~~~~~~^^^^^^^^^
  File "E:\Projects\excelence\backend\commands\manager.py", line 9, in execute
    result = command.execute()
  File "E:\Projects\excelence\backend\commands\spreadsheet\sort.py", line 20, in execute
    return self.document.sort(
           ~~~~~~~~~~~~~~~~~~^
        self.rules
        ^^^^^^^^^^
    )
    ^
  File "E:\Projects\excelence\backend\document\document.py", line 359, in sort
    success = self.spreadsheet.sort(self.sort_rules, reapply=reapply)
  File "E:\Projects\excelence\backend\models\spreadsheet.py", line 133, in sort
    return sheet.sort(rules, reapply=reapply)
           ~~~~~~~~~~^^^^^^^^^^^^^^^^^^^^^^^^
  File "E:\Projects\excelence\backend\models\sheet.py", line 124, in sort
    self.active_view = self.sort_service.sort(self.active_view, self.sort_rules)
                       ~~~~~~~~~~~~~~~~~~~~~~^^^^^^^^^^^^^^^^^^^^^^^^^^^^^^^^^^^
  File "E:\Projects\excelence\backend\services\sort_service.py", line 38, in sort
    return dataframe.sort_values(
           ~~~~~~~~~~~~~~~~~~~~~^
        by=columns,
        ^^^^^^^^^^^
        ascending=ascending,
        ^^^^^^^^^^^^^^^^^^^^
        kind="stable"
        ^^^^^^^^^^^^^
    ).reset_index(drop=True)
    ^
  File "C:\Users\Elsalam 1\AppData\Local\Programs\Python\Python314\Lib\site-packages\pandas\core\frame.py", line 8372, in sort_values
    indexer = nargsort(
        k, kind=kind, ascending=ascending, na_position=na_position, key=key
    )
  File "C:\Users\Elsalam 1\AppData\Local\Programs\Python\Python314\Lib\site-packages\pandas\core\sorting.py", line 442, in nargsort
    indexer = non_nan_idx[non_nans.argsort(kind=kind)]
                          ~~~~~~~~~~~~~~~~^^^^^^^^^^^
TypeError: '<' not supported between instances of 'str' and 'int'
